name,email,password,organizationName
Taddeusz McCoveney,tmccoveney0@deviantart.com,password123,Trinity College Connecticut
Briny Blandamore,bblandamore1@istockphoto.com,password123,Gazi University Ankara
Yalonda Cleveland,ycleveland2@wix.com,password123,Hebei University of Economics and Trade
Dael Ferencowicz,dferencowicz3@bloglovin.com,password123,Concord College
Lyn Crowdace,lcrowdace4@mayoclinic.com,password123,University of Scranton
Camile Asals,casals5@edublogs.org,password123,Mahatma Gandhi Kashi Vidyapith 
Max Fucher,mfucher6@jalbum.net,password123,Universitas Pembangunan Panca Budi
Wakefield Headington,wheadington7@webeden.co.uk,password123,"Institute of Germanic Studies, University of London"
Gilberta Custard,gcustard8@histats.com,password123,Tula State University
Katalin Pink,kpink9@usgs.gov,password123,Universidad del Pacifico
Cesar Yepiskov,cyepiskova@storify.com,password123,Al Ghurair University
Marcelline Himpson,mhimpsonb@vkontakte.ru,password123,Mercer University
Anastassia Humerstone,ahumerstonec@xinhuanet.com,password123,Instituto Superior Bissaya Barreto
Flossi Dreschler,fdreschlerd@vimeo.com,password123,University of Art and Design Cluj-Napoca
Kenny Vallender,kvallendere@springer.com,password123,Australian Lutheran College
Heidi Sarver,hsarverf@themeforest.net,password123,Milligan College
Papagena Duesberry,pduesberryg@miibeian.gov.cn,password123,Worcester Polytechnic Institute
Giles Pankethman,gpankethmanh@lycos.com,password123,Atyrau State University
Whit Crichmer,wcrichmeri@ovh.net,password123,University of Wollongong
Palmer Tarling,ptarlingj@xinhuanet.com,password123,"California State University, Sacramento"
Laurice McPhillips,lmcphillipsk@mayoclinic.com,password123,Adygeja State University
Ninnette Poutress,npoutressl@china.com.cn,password123,Jichi Medical School
Marjorie Juan,mjuanm@ca.gov,password123,Technological University (Magway)
Luciana Yegoshin,lyegoshinn@whitehouse.gov,password123,University of Health Sciences Andhra Pradesh
Emiline Moretto,emorettoo@indiegogo.com,password123,Universidad Juan Misael Saracho
Joice Stanyon,jstanyonp@google.ca,password123,Lawrence Technological University
Jeniece Broy,jbroyq@vinaora.com,password123,"Institute of Teachers Education, Tengku Ampuan Afzan"
Stefania Delcastel,sdelcastelr@usda.gov,password123,The Emirates Academy of Hotel Managment
Nye Cheyney,ncheyneys@xrea.com,password123,"De La Salle University, Araneta"
Edy Larenson,elarensont@reuters.com,password123,Greenford International University
Rosana Pescod,rpescodu@fastcompany.com,password123,Dakota State University
Drake Thornebarrow,dthornebarrowv@w3.org,password123,California College for Health Sciences
Aube Wakelin,awakelinw@smh.com.au,password123,St. Petersburg State Polytechnical University
Josepha Piddocke,jpiddockex@google.co.uk,password123,Tikrit University
Ginelle Stannas,gstannasy@t-online.de,password123,Escola Nautica Infante D. Henrique
Demeter Pic,dpicz@cloudflare.com,password123,Sookmyung Women's University
Jorgan Prigmore,jprigmore10@toplist.cz,password123,Syktyvkar State University
Chantalle Davidsen,cdavidsen11@istockphoto.com,password123,Université Vincennes Saint-Denis (Paris VIII)
Herta Schirak,hschirak12@macromedia.com,password123,Université Badji Mokhtar
Noellyn Gaitskill,ngaitskill13@latimes.com,password123,University of La Verne
Mellie Seares,mseares14@weather.com,password123,Ranchi University
Elijah Thornton-Dewhirst,ethorntondewhirst15@sitemeter.com,password123,Florida Southern College
Tracey Dicey,tdicey16@blinklist.com,password123,Mara Poly-Tech College
Reta Zarfati,rzarfati17@apache.org,password123,Lindenwood University
Katuscha Littler,klittler18@oracle.com,password123,Modern University For Technology and Information
Lenora O'Lennachain,lolennachain19@privacy.gov.au,password123,Escuela de Ingeniería de Antioquia
Morganica Wetwood,mwetwood1a@geocities.jp,password123,Aurora University
Lorenza O' Ronan,lo1b@vistaprint.com,password123,Universidad de Caldas
Stefano Grumley,sgrumley1c@over-blog.com,password123,Instituto Politécnico de Portalegre
Rodolfo Causton,rcauston1d@reference.com,password123,State University of New York College at Potsdam
Cybill Eles,celes1e@clickbank.net,password123,Saudi Electronic University
Elias Lovitt,elovitt1f@cloudflare.com,password123,Instituto Politécnico de Setúbal
Wilmette Scandwright,wscandwright1g@google.co.jp,password123,West Visayas State University
Harrison Nuttey,hnuttey1h@apple.com,password123,Dankook University
Perl Kilmurry,pkilmurry1i@4shared.com,password123,Kunmimg University of Science and Technology
Alasdair Higginbottam,ahigginbottam1j@cloudflare.com,password123,"Universidad Nacional Experimental Sur del Lago ""Jesús Maria Semprum"""
Amos Skillington,askillington1k@constantcontact.com,password123,Regis University
Sandy Druitt,sdruitt1l@usatoday.com,password123,Kwassui Women's College
Gunther Tanby,gtanby1m@ycombinator.com,password123,Tabriz Islamic Art University
Harwell Wayvill,hwayvill1n@sfgate.com,password123,Centro Universitário de João Pessoa
Ricky Becerra,rbecerra1o@moonfruit.com,password123,The Global College Lahore
Earle Hallatt,ehallatt1p@live.com,password123,Ankara University
Prentiss Presnell,ppresnell1q@livejournal.com,password123,"Rasmussen College, Illinois Campuses"
Kelsey Bramhill,kbramhill1r@ovh.net,password123,Detroit College of Business
Miran Cholomin,mcholomin1s@nymag.com,password123,Daiichi College of Pharmaceutical Sciences
Hilda Largen,hlargen1t@twitpic.com,password123,Yaroslavl International University of Business and New Technologies
Tessa De Lorenzo,tde1u@nsw.gov.au,password123,Augusta State University
Warner Fullerd,wfullerd1v@diigo.com,password123,Yonsei University
Normy Gery,ngery1w@google.cn,password123,Universidad Piloto de Colombia
Bastien Salter,bsalter1x@berkeley.edu,password123,Christ University
Werner Baumer,wbaumer1y@dagondesign.com,password123,University of Maryland University College
Consuelo Trainer,ctrainer1z@ovh.net,password123,Temple University
Vanni Dorning,vdorning20@sourceforge.net,password123,Kanagawa Dental College
Audra Elger,aelger21@last.fm,password123,Regent University College of Science and Technology  
Kass Tracey,ktracey22@cloudflare.com,password123,Fachhochschule Ravensburg-Weingarten
Gussie Gianasi,ggianasi23@earthlink.net,password123,Newberry College
Shannen Pepperell,spepperell24@mediafire.com,password123,Lyon College
Phedra Roan,proan25@dmoz.org,password123,Sakarya University
Marleen Pearmain,mpearmain26@theatlantic.com,password123,Conestoga College
Belicia Bradly,bbradly27@lulu.com,password123,Firat (Euphrates) University
Aleece Barlthrop,abarlthrop28@bigcartel.com,password123,"Yorker International University, Athens"
Bartholomeo Dullaghan,bdullaghan29@is.gd,password123,Buddhasravaka Bhikshu University
Meredith Spanton,mspanton2a@vistaprint.com,password123,Australian National University
Orren Hattrick,ohattrick2b@answers.com,password123,Faculdade Jaguariúna
Isabella Wisher,iwisher2c@usgs.gov,password123,University of Leeds
Hall Ganning,hganning2d@elegantthemes.com,password123,"Davenport College of Business, Lansing"
Brad Hessay,bhessay2e@hud.gov,password123,Alexandria University
Adriena Birkmyr,abirkmyr2f@usatoday.com,password123,Universidad de Manizales
Agnesse Samsonsen,asamsonsen2g@imageshack.us,password123,Universidade Vale do Paraiba
Jonie Reeson,jreeson2h@intel.com,password123,Belhaven College
Selig Carmont,scarmont2i@barnesandnoble.com,password123,Vesalius College
Chris Oehme,coehme2j@quantcast.com,password123,Universitas Sebelas Maret
Artemis Binestead,abinestead2k@google.fr,password123,Azerbaijan Technical University
Clare Giabucci,cgiabucci2l@cam.ac.uk,password123,Universidad Atlantida Argentina
Annadiane Mordie,amordie2m@technorati.com,password123,Hormozgan University of Medical Sciences
Willamina Westrip,wwestrip2n@ow.ly,password123,Vermont Law School
Krystyna Pettecrew,kpettecrew2o@ask.com,password123,Universidad Central
Hi Geldart,hgeldart2p@geocities.com,password123,Dokkyo University School of Medicine
Obediah Veillard,oveillard2q@rediff.com,password123,Juniata College
Chickie Kenwyn,ckenwyn2r@hibu.com,password123,Escuela de Arquitectura y Diseño
