name,email,password,studentId
Laurianne Andryushin,landryushin0@acquirethisname.com,password123,1
Raymond Terney,rterney1@imageshack.us,password123,2
Ulick Redihalgh,uredihalgh2@bandcamp.com,password123,3
Chauncey Alekseicik,calekseicik3@whitehouse.gov,password123,4
Aime Morrieson,amorrieson4@com.com,password123,5
Isabel Wedgwood,iwedgwood5@angelfire.com,password123,6
Christy Domengue,cdomengue6@rediff.com,password123,7
Phillipp McKnockiter,pmcknockiter7@seattletimes.com,password123,8
Dickie Pellitt,dpellitt8@list-manage.com,password123,9
Layton Healings,lhealings9@independent.co.uk,password123,10
Cherri Sterte,cstertea@msu.edu,password123,11
Koo Crafts,kcraftsb@live.com,password123,12
Tallia Housecraft,thousecraftc@go.com,password123,13
Base Mattityahou,bmattityahoud@howstuffworks.com,password123,14
Isidro Dwelly,idwellye@lulu.com,password123,15
Charlean Levesley,clevesleyf@ibm.com,password123,16
Helena Dismore,hdismoreg@google.pl,password123,17
Joey Etock,jetockh@geocities.jp,password123,18
Eddie Vasilov,evasilovi@un.org,password123,19
Lezlie Ranald,lranaldj@howstuffworks.com,password123,20
Joli Olding,joldingk@hao123.com,password123,21
Loleta Isakson,lisaksonl@va.gov,password123,22
Linnet Tessington,ltessingtonm@naver.com,password123,23
Jean Bacon,jbaconn@cbc.ca,password123,
Estrella Reckless,erecklesso@topsy.com,password123,25
Patrica Ponceford,pponcefordp@quantcast.com,password123,26
Claudius Skelding,cskeldingq@google.ca,password123,27
Theodore Clohessy,tclohessyr@yahoo.com,password123,28
Joan Labbe,jlabbes@columbia.edu,password123,29
Izak Dainty,idaintyt@alexa.com,password123,30
Ruby Manach,rmanachu@auda.org.au,password123,31
Lia Heselwood,lheselwoodv@altervista.org,password123,32
Violetta Scrimshaw,vscrimshaww@jimdo.com,password123,33
Christal Jobe,cjobex@ustream.tv,password123,34
Janis Peet,jpeety@umn.edu,password123,35
Rosalinda Sinclaire,rsinclairez@flickr.com,password123,36
Tomkin Kinder,tkinder10@reddit.com,password123,37
Sherilyn Dobbie,sdobbie11@cafepress.com,password123,38
Lydie Biaggelli,lbiaggelli12@guardian.co.uk,password123,39
Shellie Law,slaw13@squarespace.com,password123,40
Neel La Wille,nla14@google.com.au,password123,41
Brant Ormston,bormston15@edublogs.org,password123,42
Freddie Hawking,fhawking16@cbsnews.com,password123,43
Rosana Attwoul,rattwoul17@kickstarter.com,password123,44
Debbi Hightown,dhightown18@guardian.co.uk,password123,45
Jaime Hunnybun,jhunnybun19@house.gov,password123,46
Marcille Reuble,mreuble1a@mtv.com,password123,47
Hirsch Pittem,hpittem1b@reverbnation.com,password123,48
Jules Poskitt,jposkitt1c@live.com,password123,49
Bern Pulteneye,bpulteneye1d@marriott.com,password123,50
Nichol Bakesef,nbakesef1e@theguardian.com,password123,51
Jobina Tillman,jtillman1f@ihg.com,password123,52
Valdemar Lambrick,vlambrick1g@blog.com,password123,53
Edy Riddler,eriddler1h@newsvine.com,password123,54
Tobias Jouannin,tjouannin1i@hibu.com,password123,
Wynnie Braker,wbraker1j@linkedin.com,password123,56
Waneta Goodwill,wgoodwill1k@clickbank.net,password123,57
Hinze Colvine,hcolvine1l@google.co.jp,password123,58
Moreen Roelvink,mroelvink1m@networkadvertising.org,password123,59
Goldarina Lerven,glerven1n@dmoz.org,password123,60
Jody Stocken,jstocken1o@rambler.ru,password123,61
Lorens Philbrick,lphilbrick1p@multiply.com,password123,62
Constantine Nyles,cnyles1q@eventbrite.com,password123,63
Amie Roff,aroff1r@quantcast.com,password123,64
Laure Aphale,laphale1s@buzzfeed.com,password123,65
Hayyim Fairn,hfairn1t@fda.gov,password123,66
Brocky Goffe,bgoffe1u@de.vu,password123,67
Dannie Razoux,drazoux1v@cam.ac.uk,password123,68
Harriett Gerrans,hgerrans1w@ask.com,password123,69
Holden Campana,hcampana1x@cdbaby.com,password123,70
Frank Kmieciak,fkmieciak1y@mit.edu,password123,
Elna Angelini,eangelini1z@amazon.com,password123,72
Florinda Anshell,fanshell20@diigo.com,password123,73
Radcliffe Bembrigg,rbembrigg21@xrea.com,password123,74
Saxe Schelle,sschelle22@lycos.com,password123,75
Alicea Fardoe,afardoe23@hostgator.com,password123,76
Maiga Laste,mlaste24@issuu.com,password123,77
Farica Jedryka,fjedryka25@issuu.com,password123,78
Berky Hunnywell,bhunnywell26@printfriendly.com,password123,79
Cameron Danels,cdanels27@hexun.com,password123,
Dinah Heffernon,dheffernon28@barnesandnoble.com,password123,81
Robin Hockey,rhockey29@mashable.com,password123,82
Prent Dive,pdive2a@hud.gov,password123,
Niki Ephgrave,nephgrave2b@mail.ru,password123,84
Nicholle Verbruggen,nverbruggen2c@va.gov,password123,85
Darnell Winton,dwinton2d@telegraph.co.uk,password123,86
Cristina Pechan,cpechan2e@diigo.com,password123,87
Byrann Rozzell,brozzell2f@plala.or.jp,password123,88
Carson McCroft,cmccroft2g@army.mil,password123,89
Jsandye Cucinotta,jcucinotta2h@artisteer.com,password123,90
Irv Costa,icosta2i@abc.net.au,password123,91
Lanni Salandino,lsalandino2j@economist.com,password123,92
Leilah Braunton,lbraunton2k@dyndns.org,password123,93
Ardenia Trimmill,atrimmill2l@sina.com.cn,password123,
Eduino Browning,ebrowning2m@comsenz.com,password123,95
Waldo Drogan,wdrogan2n@globo.com,password123,96
Bobbye Geerdts,bgeerdts2o@fda.gov,password123,97
Jeremy Glasby,jglasby2p@pcworld.com,password123,98
Cleopatra Jouen,cjouen2q@vk.com,password123,99
Ricoriki Michelotti,rmichelotti2r@unblog.fr,password123,100
Gizela Whatman,gwhatman2s@yandex.ru,password123,101
Babb Coe,bcoe2t@ameblo.jp,password123,102
Dyane McCalister,dmccalister2u@squidoo.com,password123,103
Freida Polye,fpolye2v@timesonline.co.uk,password123,104
Genna Gander,ggander2w@mtv.com,password123,105
Felice MacMechan,fmacmechan2x@rediff.com,password123,106
Audrey Delepine,adelepine2y@desdev.cn,password123,107
Ronna Kall,rkall2z@e-recht24.de,password123,108
Jenelle Romney,jromney30@storify.com,password123,109
Kristien Webermann,kwebermann31@imdb.com,password123,110
Darryl Gornal,dgornal32@youtube.com,password123,111
Jodie Yacobsohn,jyacobsohn33@earthlink.net,password123,112
Pepillo Moxson,pmoxson34@photobucket.com,password123,113
Myrtia Flipsen,mflipsen35@booking.com,password123,114
Ealasaid McCurry,emccurry36@diigo.com,password123,115
Kaspar Larne,klarne37@artisteer.com,password123,116
Stan Belfield,sbelfield38@goo.ne.jp,password123,117
Faun Philippe,fphilippe39@reddit.com,password123,
Sylas Sussams,ssussams3a@paypal.com,password123,119
Kirsteni Turton,kturton3b@ehow.com,password123,120
Ezmeralda Fellows,efellows3c@de.vu,password123,
Marlyn Ganny,mganny3d@networkadvertising.org,password123,122
Brantley Slingsby,bslingsby3e@mapquest.com,password123,123
Ethelind Yanin,eyanin3f@homestead.com,password123,124
Griffin Jenken,gjenken3g@gmpg.org,password123,125
Morty Bulley,mbulley3h@illinois.edu,password123,126
Karel Petranek,kpetranek3i@posterous.com,password123,127
Jasen Matonin,jmatonin3j@edublogs.org,password123,128
Hilarius Lux,hlux3k@delicious.com,password123,129
Doy Attenbrow,dattenbrow3l@boston.com,password123,130
Tobin Tripett,ttripett3m@simplemachines.org,password123,131
Lucian Bondley,lbondley3n@ocn.ne.jp,password123,132
Kirsten Echallier,kechallier3o@youtu.be,password123,133
Becca Grisewood,bgrisewood3p@blogs.com,password123,134
Dael Eckersley,deckersley3q@a8.net,password123,135
Mylo Barrows,mbarrows3r@studiopress.com,password123,136
Rhianna Campkin,rcampkin3s@amazonaws.com,password123,137
Doralyn Falkinder,dfalkinder3t@addthis.com,password123,138
Zelma Cashmore,zcashmore3u@posterous.com,password123,139
Jordan Dabel,jdabel3v@dyndns.org,password123,140
Fabe Dines,fdines3w@yolasite.com,password123,141
Templeton McIlhone,tmcilhone3x@chronoengine.com,password123,142
Wain Greguol,wgreguol3y@addthis.com,password123,143
Gualterio Paffot,gpaffot3z@ft.com,password123,144
Phillip Brody,pbrody40@smh.com.au,password123,145
Gweneth Brewitt,gbrewitt41@biblegateway.com,password123,146
Judie Eberle,jeberle42@biglobe.ne.jp,password123,147
Dillon Nudde,dnudde43@zimbio.com,password123,148
Emmaline Sigmund,esigmund44@house.gov,password123,149
Candi Hopkynson,chopkynson45@simplemachines.org,password123,150
Aileen Earngy,aearngy46@meetup.com,password123,151
Dorthy Cotty,dcotty47@hc360.com,password123,
Alford Garrould,agarrould48@craigslist.org,password123,153
Perren Grigoriev,pgrigoriev49@devhub.com,password123,154
Logan Condit,lcondit4a@cloudflare.com,password123,155
Grant Molyneaux,gmolyneaux4b@usnews.com,password123,156
Alex Bamber,abamber4c@etsy.com,password123,157
Glyn Domengue,gdomengue4d@infoseek.co.jp,password123,158
Desiri Coyett,dcoyett4e@craigslist.org,password123,
Diane-marie Galvin,dgalvin4f@macromedia.com,password123,160
Joellen Kearns,jkearns4g@clickbank.net,password123,161
Juieta Ramel,jramel4h@sfgate.com,password123,
Roana De Pero,rde4i@prweb.com,password123,163
Jocko Heppner,jheppner4j@kickstarter.com,password123,164
Jessie Chupin,jchupin4k@pagesperso-orange.fr,password123,165
Justis Brammall,jbrammall4l@php.net,password123,166
Sena Bazley,sbazley4m@naver.com,password123,167
Liesa Whitham,lwhitham4n@etsy.com,password123,168
Drucill Loweth,dloweth4o@wikimedia.org,password123,169
Rabbi Maruszewski,rmaruszewski4p@ox.ac.uk,password123,170
Fabio Sacher,fsacher4q@senate.gov,password123,171
Lotta Gabites,lgabites4r@ebay.com,password123,172
Sallyanne Maffioletti,smaffioletti4s@free.fr,password123,173
Mohandas Kift,mkift4t@dyndns.org,password123,174
Kally Saleway,ksaleway4u@gmpg.org,password123,175
Sidoney Wenzel,swenzel4v@state.gov,password123,176
Ros Gainsburgh,rgainsburgh4w@cbc.ca,password123,177
Geneva Jenkyn,gjenkyn4x@gnu.org,password123,178
Quinlan Ferby,qferby4y@bbc.co.uk,password123,179
Agata Elix,aelix4z@e-recht24.de,password123,180
Sax Ganders,sganders50@uiuc.edu,password123,181
Stanislaus Mattimoe,smattimoe51@paypal.com,password123,182
Zacharias Dumbellow,zdumbellow52@wiley.com,password123,183
Viviyan Trematick,vtrematick53@webeden.co.uk,password123,184
Karlee Merigot,kmerigot54@tumblr.com,password123,
Magdaia Smurfit,msmurfit55@webeden.co.uk,password123,186
Axel Saggs,asaggs56@arizona.edu,password123,
Tobye Boseley,tboseley57@dell.com,password123,188
Robin Riddiford,rriddiford58@ted.com,password123,189
Uriah Kinder,ukinder59@businesswire.com,password123,190
Kiri Shanklin,kshanklin5a@blogspot.com,password123,191
Bethanne Cackett,bcackett5b@digg.com,password123,192
Emilee Imlen,eimlen5c@vimeo.com,password123,193
Carlin Bille,cbille5d@blogger.com,password123,194
Aileen Faircloth,afaircloth5e@tmall.com,password123,195
Netta Mephan,nmephan5f@alibaba.com,password123,196
Briggs Izon,bizon5g@harvard.edu,password123,
Kakalina Edgett,kedgett5h@angelfire.com,password123,
Brynn Copnall,bcopnall5i@vimeo.com,password123,199
Abbott Cloney,acloney5j@lycos.com,password123,200
Justinian Powdrill,jpowdrill5k@fastcompany.com,password123,201
Moore Measham,mmeasham5l@typepad.com,password123,202
Leisha Cordier,lcordier5m@statcounter.com,password123,203
Carlyle Monkleigh,cmonkleigh5n@dell.com,password123,204
Leanora Rizzo,lrizzo5o@cornell.edu,password123,205
Elisa Abbets,eabbets5p@google.ru,password123,206
Eachelle Mattiussi,emattiussi5q@arizona.edu,password123,207
Wayland Corkitt,wcorkitt5r@goo.gl,password123,208
Hetti Squibbs,hsquibbs5s@engadget.com,password123,209
Bibbye Sapshed,bsapshed5t@squidoo.com,password123,210
Angie Layus,alayus5u@a8.net,password123,211
Gonzalo Davitt,gdavitt5v@godaddy.com,password123,212
Mindy Hanham,mhanham5w@eventbrite.com,password123,213
Verla Brewett,vbrewett5x@abc.net.au,password123,214
Amabelle Collop,acollop5y@blinklist.com,password123,215
Torrey Lowre,tlowre5z@jiathis.com,password123,216
Kissee Vassano,kvassano60@51.la,password123,217
Alisha Alpin,aalpin61@google.com.hk,password123,218
Halette Thomton,hthomton62@wikia.com,password123,219
Ansel Pumfrey,apumfrey63@eventbrite.com,password123,220
Fraze Purtell,fpurtell64@chronoengine.com,password123,221
Marrilee Commings,mcommings65@psu.edu,password123,222
Honey Pelerin,hpelerin66@imageshack.us,password123,
Earle Rosenfield,erosenfield67@aboutads.info,password123,224
Selma Agates,sagates68@cornell.edu,password123,225
Manda Vaune,mvaune69@bravesites.com,password123,226
Cobb Rowlings,crowlings6a@wikispaces.com,password123,227
Theodora Roussel,troussel6b@apple.com,password123,228
Launce Bolding,lbolding6c@sciencedirect.com,password123,229
Lutero Liversidge,lliversidge6d@senate.gov,password123,230
Kristien Strond,kstrond6e@dedecms.com,password123,231
Dawna Custy,dcusty6f@addthis.com,password123,232
Barbra Foord,bfoord6g@ebay.co.uk,password123,233
Arabel Lehrmann,alehrmann6h@feedburner.com,password123,234
Taffy Angeau,tangeau6i@squidoo.com,password123,235
Forrester Seleway,fseleway6j@sbwire.com,password123,236
Ann Sandey,asandey6k@deviantart.com,password123,
Lawrence Dearden,ldearden6l@lycos.com,password123,238
Tyrone Buttrum,tbuttrum6m@dailymotion.com,password123,239
Basia Bissatt,bbissatt6n@wufoo.com,password123,240
Guenna Chaikovski,gchaikovski6o@netlog.com,password123,241
Meier Albon,malbon6p@feedburner.com,password123,242
Shelbi O'Cooney,socooney6q@wp.com,password123,243
Harald Fancutt,hfancutt6r@pagesperso-orange.fr,password123,244
Jaime Streeton,jstreeton6s@technorati.com,password123,245
Roxi Froggatt,rfroggatt6t@phpbb.com,password123,246
Evey Latour,elatour6u@behance.net,password123,247
Sydelle Bourke,sbourke6v@ox.ac.uk,password123,248
Juli Donnison,jdonnison6w@desdev.cn,password123,249
Vickie Garton,vgarton6x@myspace.com,password123,250
Hayes Shortcliffe,hshortcliffe6y@icio.us,password123,
Hammad Gilvear,hgilvear6z@exblog.jp,password123,252
Kass Curwood,kcurwood70@comsenz.com,password123,253
Avril Carrane,acarrane71@unicef.org,password123,254
Rollins Glassford,rglassford72@chronoengine.com,password123,255
Tanny Robertson,trobertson73@sfgate.com,password123,256
Davie Tschiersch,dtschiersch74@irs.gov,password123,257
Beverie Frankom,bfrankom75@bravesites.com,password123,258
Kyrstin Domeny,kdomeny76@bing.com,password123,259
Kerry Killingbeck,kkillingbeck77@wsj.com,password123,260
Brod Cowern,bcowern78@networksolutions.com,password123,
Sandie Micklem,smicklem79@bloomberg.com,password123,262
Margery Dayment,mdayment7a@cloudflare.com,password123,263
Dolly Whitelaw,dwhitelaw7b@engadget.com,password123,264
Pooh Gingel,pgingel7c@google.com.au,password123,265
Octavia Moscon,omoscon7d@economist.com,password123,266
Valerye Waker,vwaker7e@google.com.hk,password123,267
Ashby Allpress,aallpress7f@odnoklassniki.ru,password123,268
Doria Maddison,dmaddison7g@etsy.com,password123,269
Cyb Vido,cvido7h@xing.com,password123,270
Marketa Gilvary,mgilvary7i@skyrock.com,password123,271
Hugues Scotchmore,hscotchmore7j@usgs.gov,password123,272
Rorie Chatband,rchatband7k@go.com,password123,273
Daphne Cloney,dcloney7l@dailymotion.com,password123,274
Olive Shipman,oshipman7m@state.gov,password123,275
Olia Alesbrook,oalesbrook7n@nydailynews.com,password123,276
Remington Spileman,rspileman7o@wp.com,password123,277
Perren Andrus,pandrus7p@answers.com,password123,278
Royall MacAulay,rmacaulay7q@oaic.gov.au,password123,279
Nancy Adhams,nadhams7r@eepurl.com,password123,280
Kendal Beggi,kbeggi7s@toplist.cz,password123,281
Christophe Tutt,ctutt7t@thetimes.co.uk,password123,282
Raimondo Edie,redie7u@amazon.co.jp,password123,283
Julee Higford,jhigford7v@skype.com,password123,284
Berenice Cowterd,bcowterd7w@digg.com,password123,285
Lu Coupland,lcoupland7x@bbb.org,password123,286
Celka Challenor,cchallenor7y@columbia.edu,password123,287
Krysta MacAlpin,kmacalpin7z@trellian.com,password123,288
Valdemar Mill,vmill80@shinystat.com,password123,289
Thorpe Fender,tfender81@dot.gov,password123,290
Bibi Nisco,bnisco82@prlog.org,password123,291
Darryl Badman,dbadman83@businessweek.com,password123,292
Ermentrude Ivey,eivey84@dropbox.com,password123,293
Leonid Vickors,lvickors85@buzzfeed.com,password123,294
Marnie Hamshar,mhamshar86@alexa.com,password123,295
Lynnell Isoldi,lisoldi87@auda.org.au,password123,296
Nanette Bourke,nbourke88@unicef.org,password123,297
Eldon Slimming,eslimming89@mapy.cz,password123,298
Darwin Orgen,dorgen8a@csmonitor.com,password123,299
Bendick Blunsum,bblunsum8b@spotify.com,password123,300
Symon Marlin,smarlin8c@nifty.com,password123,301
Winfred Casacchia,wcasacchia8d@amazon.co.uk,password123,302
Cloe Godsal,cgodsal8e@dropbox.com,password123,303
Rozelle Eble,reble8f@instagram.com,password123,
Eleen Rzehorz,erzehorz8g@etsy.com,password123,305
Junette Killiner,jkilliner8h@ucoz.ru,password123,306
Uriel Caddie,ucaddie8i@sfgate.com,password123,307
Libbie Bertram,lbertram8j@php.net,password123,308
Guilbert Heinonen,gheinonen8k@blinklist.com,password123,309
Harman Kilby,hkilby8l@51.la,password123,310
Kirstyn Bisiker,kbisiker8m@mapy.cz,password123,311
Graig Francklin,gfrancklin8n@opera.com,password123,312
Nerta Serle,nserle8o@reverbnation.com,password123,313
Berne Herrero,bherrero8p@bbb.org,password123,314
Josee Rafter,jrafter8q@wufoo.com,password123,315
Markos End,mend8r@odnoklassniki.ru,password123,316
Elonore de Mendoza,ede8s@umich.edu,password123,317
Mortimer Kennealy,mkennealy8t@hhs.gov,password123,
Kaylil Awton,kawton8u@ehow.com,password123,319
Dallas McGilben,dmcgilben8v@pcworld.com,password123,320
Dario Iggalden,diggalden8w@hc360.com,password123,321
Forester Musson,fmusson8x@whitehouse.gov,password123,322
Maxy Dorsey,mdorsey8y@ox.ac.uk,password123,
Reinald Kipling,rkipling8z@infoseek.co.jp,password123,
Carmelina Shitliffe,cshitliffe90@shareasale.com,password123,325
Robinet Stowell,rstowell91@ucoz.ru,password123,326
Jessa Sharkey,jsharkey92@unc.edu,password123,327
Allen Skylett,askylett93@amazon.co.jp,password123,328
Anya Loughlan,aloughlan94@seesaa.net,password123,329
Mariel Balogun,mbalogun95@ted.com,password123,330
Sibelle Bestman,sbestman96@ucoz.com,password123,331
Jed Beatey,jbeatey97@1688.com,password123,332
Stanfield Iianon,siianon98@comsenz.com,password123,333
Clare Vint,cvint99@ask.com,password123,334
Rodolphe Doles,rdoles9a@alibaba.com,password123,335
Tonya Stones,tstones9b@nbcnews.com,password123,
Verine Alvy,valvy9c@princeton.edu,password123,337
Garnet Allcott,gallcott9d@senate.gov,password123,338
Eloise Sneath,esneath9e@issuu.com,password123,339
Annmarie Harcourt,aharcourt9f@cornell.edu,password123,340
Gill Heaviside,gheaviside9g@who.int,password123,341
Truman Varian,tvarian9h@spiegel.de,password123,342
Tremain Rehn,trehn9i@indiegogo.com,password123,343
Bianca Curston,bcurston9j@soup.io,password123,344
Christiano Amiable,camiable9k@fda.gov,password123,345
Darice Semaine,dsemaine9l@paginegialle.it,password123,346
Wade Hazeldine,whazeldine9m@instagram.com,password123,347
Denver Boullin,dboullin9n@craigslist.org,password123,348
Gordon Surcomb,gsurcomb9o@woothemes.com,password123,
Caresse Pridgeon,cpridgeon9p@tiny.cc,password123,350
Kimball Sink,ksink9q@gmpg.org,password123,351
Jobey Wille,jwille9r@reuters.com,password123,352
Claire Firpo,cfirpo9s@typepad.com,password123,353
Bevon Wyldish,bwyldish9t@reference.com,password123,354
Gardener Rebeiro,grebeiro9u@accuweather.com,password123,355
Aldis Mannagh,amannagh9v@woothemes.com,password123,356
Nat Salisbury,nsalisbury9w@nymag.com,password123,357
Charlie Jacqueminet,cjacqueminet9x@nih.gov,password123,358
Vyky Hasty,vhasty9y@mail.ru,password123,359
Romy Orange,rorange9z@bing.com,password123,360
Gwenore Schimank,gschimanka0@meetup.com,password123,361
Thor MacRedmond,tmacredmonda1@soundcloud.com,password123,362
Morgen Lemerle,mlemerlea2@g.co,password123,363
Finlay Treleaven,ftreleavena3@ca.gov,password123,364
Pier Blofield,pblofielda4@dyndns.org,password123,365
Linea Piercey,lpierceya5@friendfeed.com,password123,366
Araldo Govett,agovetta6@mozilla.com,password123,367
Adrien McGillivray,amcgillivraya7@dot.gov,password123,368
Jemimah Budge,jbudgea8@yelp.com,password123,369
Adi Atcherley,aatcherleya9@cloudflare.com,password123,370
Nanni Julian,njulianaa@barnesandnoble.com,password123,371
Stephie Duddy,sduddyab@tinypic.com,password123,372
Lorianne Dockrill,ldockrillac@miibeian.gov.cn,password123,373
Nanon Dudenie,ndudeniead@smh.com.au,password123,374
Leta Hogsden,lhogsdenae@sbwire.com,password123,375
Gabie Sanches,gsanchesaf@moonfruit.com,password123,376
Annette Newling,anewlingag@hubpages.com,password123,377
Raine Lifsey,rlifseyah@usnews.com,password123,378
Gaye Buffery,gbufferyai@epa.gov,password123,379
Rossie Philipsson,rphilipssonaj@netvibes.com,password123,380
Lavena Peltzer,lpeltzerak@typepad.com,password123,381
Janice Grutchfield,jgrutchfieldal@topsy.com,password123,382
Tiffi Amberg,tambergam@sbwire.com,password123,383
Thomasine Skunes,tskunesan@irs.gov,password123,384
Nil Sorsby,nsorsbyao@meetup.com,password123,385
Culley Padula,cpadulaap@apple.com,password123,386
Quinn Brunotti,qbrunottiaq@amazon.com,password123,387
Olivette Fitzgerald,ofitzgeraldar@g.co,password123,388
Valentine Cooke,vcookeas@about.com,password123,389
Valene Fernao,vfernaoat@baidu.com,password123,390
Nanni Limb,nlimbau@wikia.com,password123,391
Amy Jelk,ajelkav@mysql.com,password123,392
Mireille Petti,mpettiaw@deviantart.com,password123,393
Benedetto Gabbett,bgabbettax@house.gov,password123,394
Jamison Beecker,jbeeckeray@webs.com,password123,
Allissa Loughlan,aloughlanaz@oakley.com,password123,396
Dana Po,dpob0@tripod.com,password123,397
Isidora Crowth,icrowthb1@seesaa.net,password123,398
Tremain Shoebotham,tshoebothamb2@apache.org,password123,399
Ainslee Kensett,akensettb3@livejournal.com,password123,400
Sanderson Jahnke,sjahnkeb4@washington.edu,password123,401
Antonie Saltwell,asaltwellb5@mozilla.org,password123,402
Kerrill Urwin,kurwinb6@blogtalkradio.com,password123,403
Katleen Matussevich,kmatussevichb7@time.com,password123,404
Ardelle MacGruer,amacgruerb8@ustream.tv,password123,405
Imelda Dishmon,idishmonb9@meetup.com,password123,406
Eddi Grimble,egrimbleba@elpais.com,password123,407
Pernell Jouannot,pjouannotbb@dailymail.co.uk,password123,
Constance Skyner,cskynerbc@tinyurl.com,password123,409
Filia Berntsson,fberntssonbd@infoseek.co.jp,password123,410
Marta Roome,mroomebe@elpais.com,password123,411
Kalina Tattershaw,ktattershawbf@ask.com,password123,412
Tessie Ockleshaw,tockleshawbg@tmall.com,password123,413
Avie Collinge,acollingebh@amazon.com,password123,414
Cosimo Aizic,caizicbi@goo.ne.jp,password123,415
Dwayne Harrisson,dharrissonbj@taobao.com,password123,416
Britt Beneyto,bbeneytobk@ca.gov,password123,417
Kakalina Gleeton,kgleetonbl@wikia.com,password123,418
Husain Broun,hbrounbm@state.tx.us,password123,419
Hillery Simoni,hsimonibn@mit.edu,password123,420
Shirlene Bolitho,sbolithobo@reverbnation.com,password123,421
Milka Sottell,msottellbp@unc.edu,password123,422
Joice Jezard,jjezardbq@amazon.com,password123,423
Emmott Youthed,eyouthedbr@elpais.com,password123,424
Loleta Seabrook,lseabrookbs@epa.gov,password123,425
Deana McGurn,dmcgurnbt@lulu.com,password123,426
Cordelia Mounsie,cmounsiebu@t-online.de,password123,427
Cybil Flott,cflottbv@cmu.edu,password123,428
Valentia Brandassi,vbrandassibw@google.com.au,password123,429
Malinda Bridewell,mbridewellbx@latimes.com,password123,430
Aloysius Webben,awebbenby@bloomberg.com,password123,431
Brunhilda Wilmot,bwilmotbz@pen.io,password123,
Abbey Francello,afrancelloc0@alexa.com,password123,
Caterina Matchett,cmatchettc1@booking.com,password123,434
Janeen Waterdrinker,jwaterdrinkerc2@rakuten.co.jp,password123,435
Cherianne Bricksey,cbrickseyc3@artisteer.com,password123,436
Nariko Gulliman,ngullimanc4@bing.com,password123,437
Cyrus Clelle,cclellec5@aol.com,password123,438
Melony Shuttle,mshuttlec6@bluehost.com,password123,439
Jocelyne Meldrum,jmeldrumc7@indiegogo.com,password123,440
Hendrik Maggorini,hmaggorinic8@elegantthemes.com,password123,441
Ilyssa Sanbrooke,isanbrookec9@a8.net,password123,442
Cassandre Guye,cguyeca@rambler.ru,password123,443
Sallie Kellogg,skelloggcb@last.fm,password123,444
Libbi Keizman,lkeizmancc@phpbb.com,password123,445
Lenore Jekel,ljekelcd@sciencedirect.com,password123,
D'arcy Hazeldine,dhazeldinece@patch.com,password123,447
Karine Vials,kvialscf@nasa.gov,password123,448
Adey Dales,adalescg@chicagotribune.com,password123,449
Chevy Enrich,cenrichch@virginia.edu,password123,450
Esma Gauntley,egauntleyci@php.net,password123,
Nerty Ilbert,nilbertcj@is.gd,password123,452
Estel Mordecai,emordecaick@omniture.com,password123,453
Mariam Caesar,mcaesarcl@quantcast.com,password123,454
Beverlee Storre,bstorrecm@pen.io,password123,455
Gaby Yetman,gyetmancn@eepurl.com,password123,456
Devinne Kehri,dkehrico@instagram.com,password123,457
Ruttger Blakeslee,rblakesleecp@facebook.com,password123,458
Ramon Lembrick,rlembrickcq@mlb.com,password123,459
Thekla Batson,tbatsoncr@netvibes.com,password123,460
Ambrosius Dowbiggin,adowbiggincs@posterous.com,password123,461
Benjamen Southerton,bsouthertonct@epa.gov,password123,462
Dag Maile,dmailecu@github.io,password123,463
Thomas Bines,tbinescv@hao123.com,password123,464
Elvis Arkley,earkleycw@wiley.com,password123,465
Cal Dunning,cdunningcx@umich.edu,password123,466
Trudie Klyn,tklyncy@squarespace.com,password123,467
Pippa Grzeszczyk,pgrzeszczykcz@bbb.org,password123,468
Taylor Paty,tpatyd0@home.pl,password123,469
Bernadina Bartomeu,bbartomeud1@123-reg.co.uk,password123,470
Rhodie Vearnals,rvearnalsd2@uiuc.edu,password123,471
Stevy Steinhammer,ssteinhammerd3@123-reg.co.uk,password123,472
Stinky Cowling,scowlingd4@adobe.com,password123,473
Kim Frensche,kfrensched5@earthlink.net,password123,474
Gina Sibley,gsibleyd6@apache.org,password123,
Hobie Geroldini,hgeroldinid7@ning.com,password123,476
Dale Seilmann,dseilmannd8@com.com,password123,477
Emma Morrill,emorrilld9@buzzfeed.com,password123,478
Cindie Favey,cfaveyda@bizjournals.com,password123,479
Juana Bussey,jbusseydb@cbslocal.com,password123,480
Jarvis MacTrustie,jmactrustiedc@sciencedaily.com,password123,481
Hershel Napier,hnapierdd@ihg.com,password123,482
Shell Nattrass,snattrassde@pagesperso-orange.fr,password123,483
Pietro Speck,pspeckdf@nasa.gov,password123,484
Ilsa Lindenboim,ilindenboimdg@dailymotion.com,password123,485
Olga Houndson,ohoundsondh@reference.com,password123,486
Consolata Scroggs,cscroggsdi@parallels.com,password123,487
Molly Bruggeman,mbruggemandj@jiathis.com,password123,488
Ayn Tschirschky,atschirschkydk@goo.ne.jp,password123,489
Bobby Brakewell,bbrakewelldl@simplemachines.org,password123,490
Derrik Glen,dglendm@dmoz.org,password123,491
Yance Burburough,yburburoughdn@e-recht24.de,password123,492
Gina Brownhill,gbrownhilldo@hubpages.com,password123,
Bonita Aronson,baronsondp@theguardian.com,password123,494
Leonard Marquese,lmarquesedq@photobucket.com,password123,495
Troy Ivanchikov,tivanchikovdr@ebay.co.uk,password123,496
Calley Seville,csevilleds@so-net.ne.jp,password123,497
Engracia Downs,edownsdt@hc360.com,password123,498
Bealle Beceril,bbecerildu@state.tx.us,password123,499
Carling Littlefair,clittlefairdv@reverbnation.com,password123,500
Natty Shill,nshilldw@discovery.com,password123,501
Korey Currey,kcurreydx@technorati.com,password123,502
Gardiner Harrild,gharrilddy@sina.com.cn,password123,503
Cameron Murcott,cmurcottdz@state.tx.us,password123,504
Peadar Gladtbach,pgladtbache0@fastcompany.com,password123,505
Filmore Mannooch,fmannooche1@newsvine.com,password123,506
Paolo McKeown,pmckeowne2@buzzfeed.com,password123,507
Alta Rymer,arymere3@google.com.br,password123,508
Glyn Stripling,gstriplinge4@wp.com,password123,509
Joshuah Collar,jcollare5@unblog.fr,password123,510
Whitman Bridie,wbridiee6@google.fr,password123,511
Jonah Lock,jlocke7@europa.eu,password123,512
Cass Jenkison,cjenkisone8@hexun.com,password123,513
Myrta Lightwood,mlightwoode9@zimbio.com,password123,514
Connie Cellone,ccelloneea@behance.net,password123,
Tyler Byre,tbyreeb@stanford.edu,password123,516
Vanna Tiddeman,vtiddemanec@geocities.com,password123,517
Mark Knightley,mknightleyed@naver.com,password123,518
Harry Houdmont,hhoudmontee@patch.com,password123,519
Dulce Dimitrijevic,ddimitrijevicef@digg.com,password123,520
Blondie Moisey,bmoiseyeg@hubpages.com,password123,521
Phyllis Gillyatt,pgillyatteh@smugmug.com,password123,522
Augustin Smalecombe,asmalecombeei@reuters.com,password123,523
Linc Mollitt,lmollittej@barnesandnoble.com,password123,524
Amie Lind,alindek@addtoany.com,password123,525
Rogerio Van den Velde,rvanel@ed.gov,password123,526
Efren Culshew,eculshewem@typepad.com,password123,527
Gwenni Dockrell,gdockrellen@marketwatch.com,password123,528
Marillin Nannizzi,mnannizzieo@cargocollective.com,password123,
Bernelle Biagini,bbiaginiep@technorati.com,password123,530
Carling Kenwrick,ckenwrickeq@wufoo.com,password123,531
Eartha Queree,equereeer@ft.com,password123,532
Candida Crinson,ccrinsones@huffingtonpost.com,password123,533
Herta Sparshott,hsparshottet@mysql.com,password123,534
Clem Nichol,cnicholeu@scribd.com,password123,535
Truda Maryska,tmaryskaev@sciencedirect.com,password123,536
Virge Keam,vkeamew@cisco.com,password123,537
Kesley Ralling,krallingex@technorati.com,password123,538
Spenser Ronci,sronciey@last.fm,password123,539
Vinita Dumbelton,vdumbeltonez@google.com.au,password123,
Fairleigh Wynrahame,fwynrahamef0@ed.gov,password123,541
Don Tweedy,dtweedyf1@amazon.de,password123,542
Lauryn Goding,lgodingf2@stanford.edu,password123,543
Tucker Showalter,tshowalterf3@shinystat.com,password123,544
Saxe Arboin,sarboinf4@europa.eu,password123,545
Shanie De Malchar,sdef5@reverbnation.com,password123,546
Valeria MacDearmont,vmacdearmontf6@printfriendly.com,password123,547
Dixie Wellsman,dwellsmanf7@nhs.uk,password123,548
Leanora Verty,lvertyf8@plala.or.jp,password123,549
Evania Morrieson,emorriesonf9@slashdot.org,password123,550
Alaric Dennidge,adennidgefa@engadget.com,password123,551
Kaela Liveley,kliveleyfb@yelp.com,password123,552
Greg Lancaster,glancasterfc@pcworld.com,password123,553
Pearline Sautter,psautterfd@free.fr,password123,554
Rikki Tarply,rtarplyfe@amazonaws.com,password123,555
Korie Masse,kmasseff@wsj.com,password123,556
Ramsey Dalyell,rdalyellfg@linkedin.com,password123,557
Shannon Croizier,scroizierfh@sbwire.com,password123,558
Shelby Librey,slibreyfi@nationalgeographic.com,password123,559
Brant Sawl,bsawlfj@nih.gov,password123,560
Jarret Meads,jmeadsfk@vistaprint.com,password123,561
Goran Boame,gboamefl@is.gd,password123,562
Ogdan McAlister,omcalisterfm@ucoz.com,password123,563
Dyna Hurleston,dhurlestonfn@adobe.com,password123,564
Aylmer Huerta,ahuertafo@rakuten.co.jp,password123,565
Gaven Tibbotts,gtibbottsfp@globo.com,password123,566
Elisabet Ingon,eingonfq@clickbank.net,password123,567
Petronilla Tattam,ptattamfr@ca.gov,password123,568
Petra Beesley,pbeesleyfs@gizmodo.com,password123,569
Oswald Duigenan,oduigenanft@hibu.com,password123,570
Cory Babbidge,cbabbidgefu@nature.com,password123,571
Grove Treven,gtrevenfv@loc.gov,password123,572
Gordy Clack,gclackfw@amazonaws.com,password123,573
Esmeralda Tincey,etinceyfx@blogs.com,password123,574
Trudey Benton,tbentonfy@sakura.ne.jp,password123,
Kimball Tremblot,ktremblotfz@4shared.com,password123,576
Claiborne Mixer,cmixerg0@guardian.co.uk,password123,577
Alyda Jump,ajumpg1@addthis.com,password123,578
Konstanze Gansbuhler,kgansbuhlerg2@comcast.net,password123,579
Jephthah Steer,jsteerg3@google.nl,password123,580
Vikky Harrild,vharrildg4@usa.gov,password123,581
Nevsa Prinn,nprinng5@bizjournals.com,password123,582
Reidar Aspenlon,raspenlong6@yandex.ru,password123,583
Ranique Ohrt,rohrtg7@nasa.gov,password123,584
Rickard MacPake,rmacpakeg8@unc.edu,password123,585
Raffaello Masterman,rmastermang9@homestead.com,password123,586
Iorgo Danaher,idanaherga@yellowpages.com,password123,587
Elysee Gristhwaite,egristhwaitegb@360.cn,password123,
Raeann Halvosen,rhalvosengc@techcrunch.com,password123,589
Natka Ferrarello,nferrarellogd@usatoday.com,password123,590
Perkin Peppin,ppeppinge@usa.gov,password123,591
Phebe Beazer,pbeazergf@123-reg.co.uk,password123,592
Deena Spink,dspinkgg@newyorker.com,password123,
Helli Geibel,hgeibelgh@eepurl.com,password123,594
Vivian Watkins,vwatkinsgi@wufoo.com,password123,595
Catlee Abramov,cabramovgj@intel.com,password123,
Breanne Hilliam,bhilliamgk@unblog.fr,password123,597
Bevan Croal,bcroalgl@weibo.com,password123,598
Sebastien Goodinson,sgoodinsongm@guardian.co.uk,password123,599
Patrizius Tomblett,ptomblettgn@state.gov,password123,600
Lincoln Aymerich,laymerichgo@miibeian.gov.cn,password123,601
L;urette Trathen,ltrathengp@cdbaby.com,password123,602
Aili Camis,acamisgq@harvard.edu,password123,603
Willard Findley,wfindleygr@ycombinator.com,password123,604
Florina Lindroos,flindroosgs@exblog.jp,password123,605
Urbanus Jeal,ujealgt@ft.com,password123,606
Vivienne Kilbee,vkilbeegu@cbslocal.com,password123,607
Rani Thomsson,rthomssongv@washington.edu,password123,
Briant Oxer,boxergw@state.tx.us,password123,609
Leoine Borres,lborresgx@eventbrite.com,password123,610
Ramon Owers,rowersgy@home.pl,password123,611
Darya Stembridge,dstembridgegz@cdc.gov,password123,612
Shirley Gavrielly,sgavriellyh0@irs.gov,password123,613
Row Jankin,rjankinh1@drupal.org,password123,614
Jon Foxen,jfoxenh2@stanford.edu,password123,615
Myrwyn Petyanin,mpetyaninh3@miitbeian.gov.cn,password123,616
Dorian McCard,dmccardh4@studiopress.com,password123,617
Demetra Woolrich,dwoolrichh5@sbwire.com,password123,618
Rabbi Sherbrooke,rsherbrookeh6@reuters.com,password123,619
Emera McKeady,emckeadyh7@cisco.com,password123,620
Marcy Ommundsen,mommundsenh8@i2i.jp,password123,621
Milissent Flisher,mflisherh9@soup.io,password123,622
Hatti Duggen,hduggenha@prweb.com,password123,623
Stanley Gierhard,sgierhardhb@e-recht24.de,password123,624
Marleah Hodgin,mhodginhc@netscape.com,password123,625
Tannie Orchart,torcharthd@sohu.com,password123,626
Wilfred Kikke,wkikkehe@telegraph.co.uk,password123,627
Dimitry Trouncer,dtrouncerhf@prweb.com,password123,628
Claudelle Curedell,ccuredellhg@chron.com,password123,629
Abigale Ibell,aibellhh@reverbnation.com,password123,630
Ilyse Malenfant,imalenfanthi@ucla.edu,password123,631
Ebony Rollings,erollingshj@ftc.gov,password123,632
Shannon Quibell,squibellhk@yolasite.com,password123,633
Kamila De Beauchamp,kdehl@newsvine.com,password123,634
Regine Santer,rsanterhm@acquirethisname.com,password123,635
Dagmar Chrystie,dchrystiehn@desdev.cn,password123,636
Bren Fitzroy,bfitzroyho@paypal.com,password123,
Jamie Barwack,jbarwackhp@bloomberg.com,password123,638
Melantha Hellmer,mhellmerhq@csmonitor.com,password123,639
Quint Chitson,qchitsonhr@comcast.net,password123,640
Fanya Saturley,fsaturleyhs@comsenz.com,password123,641
Garreth Bygrove,gbygroveht@yahoo.com,password123,642
Ivor Maleby,imalebyhu@tripod.com,password123,643
Angelle Fernyhough,afernyhoughhv@yelp.com,password123,644
Di Domenichini,ddomenichinihw@vk.com,password123,645
Kelci Antrag,kantraghx@pcworld.com,password123,646
Bertram Scrivinor,bscrivinorhy@liveinternet.ru,password123,647
Nappy Snelman,nsnelmanhz@chron.com,password123,
Kirstin Wemyss,kwemyssi0@wired.com,password123,649
Griffie Gilbank,ggilbanki1@newyorker.com,password123,650
Delaney Elsmore,delsmorei2@uol.com.br,password123,651
Viki Rogier,vrogieri3@uol.com.br,password123,652
Cloris Rideout,crideouti4@stumbleupon.com,password123,653
Brittany Twitching,btwitchingi5@github.io,password123,654
Freida Walewski,fwalewskii6@blogger.com,password123,655
Jessy Limpenny,jlimpennyi7@mashable.com,password123,656
Thaddeus Loughney,tloughneyi8@shop-pro.jp,password123,657
Jere Mongan,jmongani9@t.co,password123,658
Nancey Tillerton,ntillertonia@mediafire.com,password123,659
Jaimie Garnson,jgarnsonib@uol.com.br,password123,660
Clerissa O'Dogherty,codoghertyic@mozilla.org,password123,661
Vannie Dossetter,vdossetterid@marriott.com,password123,662
Gabrielle Lochrie,glochrieie@dyndns.org,password123,663
Katherina Mc Dermid,kmcif@tumblr.com,password123,664
Burnaby Dunabie,bdunabieig@delicious.com,password123,665
Chance Houson,chousonih@privacy.gov.au,password123,666
Kippie Akker,kakkerii@github.com,password123,667
Barby Scotchmore,bscotchmoreij@usatoday.com,password123,668
Levy Conti,lcontiik@microsoft.com,password123,
Andria Lanfere,alanfereil@wikispaces.com,password123,
Westbrook McClarence,wmcclarenceim@paypal.com,password123,671
Dickie Linsey,dlinseyin@angelfire.com,password123,672
Jerrilyn Lonsdale,jlonsdaleio@mtv.com,password123,673
Gasparo Garton,ggartonip@skyrock.com,password123,674
Susann MacWhirter,smacwhirteriq@home.pl,password123,675
Sibella Yglesia,syglesiair@free.fr,password123,676
Charmain Martinet,cmartinetis@sun.com,password123,677
Asa Pinney,apinneyit@whitehouse.gov,password123,678
Shirl McKearnen,smckearneniu@slashdot.org,password123,679
Trina Durbann,tdurbanniv@altervista.org,password123,
Ulick Tiptaft,utiptaftiw@reuters.com,password123,681
Miles Wermerling,mwermerlingix@chicagotribune.com,password123,682
Quinn Rutherforth,qrutherforthiy@amazon.com,password123,683
Evvie Corzor,ecorzoriz@salon.com,password123,684
Robenia Eden,redenj0@google.com,password123,685
Merry Fonte,mfontej1@stumbleupon.com,password123,686
Raddie MacClenan,rmacclenanj2@dmoz.org,password123,687
Katleen Dowden,kdowdenj3@t-online.de,password123,688
Dylan Cristoforo,dcristoforoj4@ucoz.ru,password123,689
Allx Syddie,asyddiej5@ehow.com,password123,690
Clemens Medendorp,cmedendorpj6@nyu.edu,password123,691
Ellerey Fletcher,efletcherj7@europa.eu,password123,692
Connie Hargrave,chargravej8@hud.gov,password123,693
Tab Coite,tcoitej9@xing.com,password123,694
Ali Tyer,atyerja@163.com,password123,695
Dareen Rixon,drixonjb@blogtalkradio.com,password123,696
Barnebas Brigstock,bbrigstockjc@barnesandnoble.com,password123,697
Rene Bryde,rbrydejd@cyberchimps.com,password123,698
Sandro Nicolls,snicollsje@gizmodo.com,password123,699
Mandel Tombleson,mtomblesonjf@reuters.com,password123,
Reggis Beenham,rbeenhamjg@a8.net,password123,701
Celestyna Agney,cagneyjh@mit.edu,password123,702
Dennis Moretto,dmorettoji@quantcast.com,password123,703
Randolph Blasik,rblasikjj@icq.com,password123,704
Jasmin Test,jtestjk@ask.com,password123,705
Dieter Carty,dcartyjl@elegantthemes.com,password123,706
Dorene Crinson,dcrinsonjm@plala.or.jp,password123,707
Jakob Acory,jacoryjn@businessinsider.com,password123,708
Chelsie Tregidga,ctregidgajo@mozilla.org,password123,709
Patrice Pecht,ppechtjp@skyrock.com,password123,710
Tully Tolussi,ttolussijq@hexun.com,password123,711
Imogene Merit,imeritjr@merriam-webster.com,password123,712
Berte Kop,bkopjs@technorati.com,password123,713
Halie Ivasechko,hivasechkojt@webmd.com,password123,714
Trstram Gruszczak,tgruszczakju@hugedomains.com,password123,715
Alfonso Pipkin,apipkinjv@bigcartel.com,password123,716
Ibby McVey,imcveyjw@tripadvisor.com,password123,
Mickie O'Cooney,mocooneyjx@npr.org,password123,718
Tessie Benterman,tbentermanjy@printfriendly.com,password123,719
Zita Ryland,zrylandjz@tumblr.com,password123,720
Gisella Markson,gmarksonk0@deviantart.com,password123,721
Denni Rolland,drollandk1@mit.edu,password123,722
Shaun Willcock,swillcockk2@icio.us,password123,723
Jemmie Willgoss,jwillgossk3@stumbleupon.com,password123,724
Cary Matis,cmatisk4@huffingtonpost.com,password123,725
Dion Healings,dhealingsk5@weibo.com,password123,726
Kin Kubiczek,kkubiczekk6@alibaba.com,password123,727
Nikola Esterbrook,nesterbrookk7@usatoday.com,password123,728
Cecily Symcox,csymcoxk8@state.gov,password123,729
Fionnula Jenny,fjennyk9@t-online.de,password123,730
Joana Macrae,jmacraeka@fc2.com,password123,731
Magdalen Longmuir,mlongmuirkb@walmart.com,password123,732
Nikolaos Bales,nbaleskc@fema.gov,password123,733
Marchelle Boggas,mboggaskd@miibeian.gov.cn,password123,734
Hattie Huard,hhuardke@nba.com,password123,735
Wood Kyteley,wkyteleykf@cmu.edu,password123,736
Bert Capelin,bcapelinkg@e-recht24.de,password123,737
Gerri Dyos,gdyoskh@tamu.edu,password123,738
Bev Kanwell,bkanwellki@soup.io,password123,739
Jacquenette Caiger,jcaigerkj@digg.com,password123,740
Lorna Houlson,lhoulsonkk@archive.org,password123,741
Giorgia Joincey,gjoinceykl@bigcartel.com,password123,742
Shayna Vardon,svardonkm@google.com.br,password123,743
Delmer Bitten,dbittenkn@bing.com,password123,744
Lyndy Lissemore,llissemoreko@un.org,password123,745
Elise Daw,edawkp@soundcloud.com,password123,746
Easter Bolter,ebolterkq@trellian.com,password123,747
Gus Gepheart,ggepheartkr@mediafire.com,password123,748
Forster Bigby,fbigbyks@nps.gov,password123,749
Carma Stitcher,cstitcherkt@loc.gov,password123,750
Gray Tondeur,gtondeurku@mayoclinic.com,password123,751
Dani Ticehurst,dticehurstkv@imdb.com,password123,752
Korry Duesbury,kduesburykw@usgs.gov,password123,753
Jessy Tootell,jtootellkx@angelfire.com,password123,754
Dionisio Nealon,dnealonky@shinystat.com,password123,755
Elonore Maidment,emaidmentkz@t.co,password123,756
Ivan Kaaskooper,ikaaskooperl0@paypal.com,password123,757
Belia Aysh,bayshl1@google.es,password123,758
Janot Stillman,jstillmanl2@vkontakte.ru,password123,759
Freida Reye,freyel3@soup.io,password123,760
Melvin Duddan,mduddanl4@admin.ch,password123,761
Suzie Norville,snorvillel5@prnewswire.com,password123,762
Alison Nesby,anesbyl6@nih.gov,password123,
Onfroi Grane,ogranel7@ucla.edu,password123,764
Coraline Featherstone,cfeatherstonel8@unblog.fr,password123,765
Alexio Yaxley,ayaxleyl9@nhs.uk,password123,766
Jourdain Mustard,jmustardla@ed.gov,password123,767
Simon Capstick,scapsticklb@upenn.edu,password123,768
Madison Seale,msealelc@odnoklassniki.ru,password123,769
Brigg Janoch,bjanochld@com.com,password123,770
Loutitia Freezer,lfreezerle@ycombinator.com,password123,
L;urette Narraway,lnarrawaylf@livejournal.com,password123,772
Genovera Picton,gpictonlg@instagram.com,password123,773
Thaine Hubback,thubbacklh@taobao.com,password123,
Olly Laimable,olaimableli@go.com,password123,775
Nilson Duncan,nduncanlj@independent.co.uk,password123,776
Sutherlan Ingledew,singledewlk@ebay.co.uk,password123,777
Krispin Froggatt,kfroggattll@odnoklassniki.ru,password123,778
John Tubritt,jtubrittlm@msu.edu,password123,779
Douglas Castlake,dcastlakeln@umich.edu,password123,780
Fidelity Feedome,ffeedomelo@example.com,password123,781
Ferd Sorey,fsoreylp@pagesperso-orange.fr,password123,782
Eveleen Folcarelli,efolcarellilq@indiatimes.com,password123,783
Aarika Greenier,agreenierlr@ted.com,password123,784
Kat Cuddihy,kcuddihyls@zdnet.com,password123,785
Dud Tunnoch,dtunnochlt@blinklist.com,password123,786
Marsh Monelle,mmonellelu@ezinearticles.com,password123,787
Randy Egarr,regarrlv@ebay.co.uk,password123,788
Livvy Crucetti,lcrucettilw@go.com,password123,789
Gerrie Cokayne,gcokaynelx@sourceforge.net,password123,790
Clovis Morgan,cmorganly@livejournal.com,password123,791
Berkly de Villier,bdelz@answers.com,password123,792
Costa Denziloe,cdenziloem0@home.pl,password123,793
Dorothee Keson,dkesonm1@princeton.edu,password123,794
Penny Caser,pcaserm2@theglobeandmail.com,password123,795
Fritz Sweetland,fsweetlandm3@prlog.org,password123,796
Shadow Townby,stownbym4@techcrunch.com,password123,797
Lanie Weatherburn,lweatherburnm5@businessinsider.com,password123,798
Cy Lewendon,clewendonm6@twitter.com,password123,799
Jordan Barkworth,jbarkworthm7@shinystat.com,password123,800
Ronny Pedler,rpedlerm8@xinhuanet.com,password123,801
Coriss Lepoidevin,clepoidevinm9@scientificamerican.com,password123,802
Gran Minnis,gminnisma@china.com.cn,password123,803
Bernarr Vaissiere,bvaissieremb@xrea.com,password123,804
Happy Daintier,hdaintiermc@bizjournals.com,password123,805
Saba Gary,sgarymd@vk.com,password123,806
Antons Boatwright,aboatwrightme@google.com.au,password123,807
Giovanni Lettley,glettleymf@salon.com,password123,808
Myrtia Willimont,mwillimontmg@newsvine.com,password123,809
Benedikta Laing,blaingmh@google.nl,password123,810
Ole Sutter,osuttermi@t-online.de,password123,811
Katharyn Catt,kcattmj@timesonline.co.uk,password123,812
Linnea Warland,lwarlandmk@dedecms.com,password123,813
Tamiko Littrick,tlittrickml@discuz.net,password123,814
York Lecordier,ylecordiermm@addthis.com,password123,815
Karee Yarrall,kyarrallmn@51.la,password123,816
Lorianna Yoskowitz,lyoskowitzmo@army.mil,password123,817
Milena Ellson,mellsonmp@technorati.com,password123,818
Madelyn Fideler,mfidelermq@yelp.com,password123,819
Erek Klicher,eklichermr@paginegialle.it,password123,820
Miran Clilverd,mclilverdms@xinhuanet.com,password123,821
Lola Billin,lbillinmt@parallels.com,password123,822
Mirelle Lickorish,mlickorishmu@1688.com,password123,823
Dee Smedmore,dsmedmoremv@state.gov,password123,824
Gretchen Dark,gdarkmw@g.co,password123,825
Codie Leftly,cleftlymx@omniture.com,password123,
Cari Cordy,ccordymy@cocolog-nifty.com,password123,827
Hayes Kenafaque,hkenafaquemz@youku.com,password123,828
Jase Wandtke,jwandtken0@ft.com,password123,829
Laverna Braitling,lbraitlingn1@php.net,password123,
Angelia Shearsby,ashearsbyn2@google.pl,password123,831
Brenn Godbold,bgodboldn3@github.com,password123,
Enrichetta Kimbrey,ekimbreyn4@trellian.com,password123,833
Pincas McAllan,pmcallann5@blog.com,password123,834
Debbi Tunny,dtunnyn6@unblog.fr,password123,835
Michell Gallegos,mgallegosn7@discuz.net,password123,836
Denver Riddel,driddeln8@bigcartel.com,password123,837
Dani Eland,delandn9@statcounter.com,password123,838
Frieda Theuff,ftheuffna@devhub.com,password123,839
Woodie Begwell,wbegwellnb@squidoo.com,password123,840
Candida Beeden,cbeedennc@vk.com,password123,841
Wally Ricart,wricartnd@squarespace.com,password123,842
Fred Remmers,fremmersne@pinterest.com,password123,843
Elwood Franies,efraniesnf@nationalgeographic.com,password123,844
Lynnett Kilmary,lkilmaryng@google.co.uk,password123,845
Westbrook Hanbury,whanburynh@netscape.com,password123,846
Tamiko Mellody,tmellodyni@mashable.com,password123,847
Kylen Mulholland,kmulhollandnj@multiply.com,password123,848
Stavros Oakhill,soakhillnk@spotify.com,password123,
Norene Hamblen,nhamblennl@soup.io,password123,850
Gelya Episcopio,gepiscopionm@privacy.gov.au,password123,851
Rickard Lethley,rlethleynn@go.com,password123,852
Devinne Cockerton,dcockertonno@woothemes.com,password123,853
Gussie Sertin,gsertinnp@mac.com,password123,854
Caterina Holdren,choldrennq@webs.com,password123,855
Stefano Wheadon,swheadonnr@nsw.gov.au,password123,856
Hyatt Siveter,hsiveterns@bigcartel.com,password123,857
Fitz Pagden,fpagdennt@ucoz.ru,password123,858
Deanna Haspineall,dhaspineallnu@imdb.com,password123,859
Averill Kelwaybamber,akelwaybambernv@un.org,password123,
Osbert Skidmore,oskidmorenw@usa.gov,password123,861
Saunder Salterne,ssalternenx@eventbrite.com,password123,862
Mycah Kirk,mkirkny@feedburner.com,password123,863
Henriette Zylberdik,hzylberdiknz@about.me,password123,864
Piotr Donoher,pdonohero0@cpanel.net,password123,865
Kyla Fortnon,kfortnono1@hubpages.com,password123,866
Lindsey Gadault,lgadaulto2@fotki.com,password123,867
Chip Gripton,cgriptono3@yellowbook.com,password123,868
Ilsa Balogun,ibaloguno4@domainmarket.com,password123,869
Nikolos Southcoat,nsouthcoato5@sun.com,password123,870
Cris Tomkin,ctomkino6@alexa.com,password123,871
Lucretia Cannop,lcannopo7@geocities.com,password123,872
Basil Gilmore,bgilmoreo8@comcast.net,password123,873
Gertrude Azema,gazemao9@weibo.com,password123,874
Warren Abram,wabramoa@dropbox.com,password123,875
Ginni Strowan,gstrowanob@sogou.com,password123,876
Raddy Freire,rfreireoc@telegraph.co.uk,password123,
Carlota Alecock,calecockod@springer.com,password123,878
Konrad Winterburn,kwinterburnoe@auda.org.au,password123,879
Broderick Shoutt,bshouttof@google.co.jp,password123,880
Maryjane Silliman,msillimanog@booking.com,password123,881
Jolynn Josowitz,jjosowitzoh@hostgator.com,password123,882
Barron Gorges,bgorgesoi@wufoo.com,password123,883
Fee Lowder,flowderoj@ycombinator.com,password123,884
Walton Leith,wleithok@example.com,password123,885
Loutitia Boulden,lbouldenol@bing.com,password123,886
Melisent O'Grady,mogradyom@gmpg.org,password123,887
Jethro Fullom,jfullomon@istockphoto.com,password123,888
Esmaria Cords,ecordsoo@princeton.edu,password123,889
Virge Revens,vrevensop@etsy.com,password123,
Carilyn Briers,cbriersoq@tripod.com,password123,
Delila Syvret,dsyvretor@acquirethisname.com,password123,892
Charmine Gever,cgeveros@youtu.be,password123,893
Dona McCauley,dmccauleyot@omniture.com,password123,894
Myra Wolpert,mwolpertou@privacy.gov.au,password123,895
Kathleen Wyld,kwyldov@unesco.org,password123,896
Beck Klimpke,bklimpkeow@mashable.com,password123,
Waylon Noblett,wnoblettox@elpais.com,password123,
Yancey Castan,ycastanoy@ycombinator.com,password123,899
Hercule Landy,hlandyoz@amazon.de,password123,900
Suzy Callear,scallearp0@boston.com,password123,901
Charley Hing,chingp1@hatena.ne.jp,password123,902
Euphemia Broxton,ebroxtonp2@pagesperso-orange.fr,password123,903
Stepha Milmore,smilmorep3@seattletimes.com,password123,
Deerdre Purry,dpurryp4@lycos.com,password123,905
Gabriele Sprosson,gsprossonp5@phoca.cz,password123,906
Megan Coppen,mcoppenp6@hhs.gov,password123,907
Roch Duddan,rduddanp7@msu.edu,password123,908
Lane Casper,lcasperp8@storify.com,password123,909
Dilly Urwin,durwinp9@hud.gov,password123,910
Brendin Dedenham,bdedenhampa@ow.ly,password123,911
Noach Kick,nkickpb@nytimes.com,password123,912
Dulcie Moggie,dmoggiepc@comsenz.com,password123,913
Davide Carlos,dcarlospd@cargocollective.com,password123,914
Jud Siegertsz,jsiegertszpe@globo.com,password123,915
Shandee Mully,smullypf@cisco.com,password123,
Lizbeth McAlester,lmcalesterpg@sfgate.com,password123,917
Jeremy Fries,jfriesph@shinystat.com,password123,918
Flore Andries,fandriespi@berkeley.edu,password123,919
Ruthe Trevna,rtrevnapj@ucsd.edu,password123,920
Rick Cordova,rcordovapk@pen.io,password123,921
Niko Hallan,nhallanpl@skyrock.com,password123,922
Mayer MacGray,mmacgraypm@mapquest.com,password123,923
Nananne Faichney,nfaichneypn@cargocollective.com,password123,924
Haywood Stockwell,hstockwellpo@scribd.com,password123,925
Felic Fandrich,ffandrichpp@fda.gov,password123,926
Lewie Flucker,lfluckerpq@webs.com,password123,927
Camala Huniwall,chuniwallpr@economist.com,password123,928
Koralle Yitzovitz,kyitzovitzps@live.com,password123,929
Jacquenetta Matessian,jmatessianpt@hubpages.com,password123,930
Gearard Horlick,ghorlickpu@simplemachines.org,password123,931
Gibby Tagg,gtaggpv@1und1.de,password123,932
Emmalynn Grahl,egrahlpw@oracle.com,password123,933
Shaylynn Paynes,spaynespx@unc.edu,password123,934
Tulley Strain,tstrainpy@archive.org,password123,935
Urban Dreinan,udreinanpz@usda.gov,password123,
Christie Penhall,cpenhallq0@nhs.uk,password123,937
Dill Barkshire,dbarkshireq1@shutterfly.com,password123,938
Barbara Dobbison,bdobbisonq2@gnu.org,password123,939
Zebedee Bonnavant,zbonnavantq3@arstechnica.com,password123,940
Gerry Laidlaw,glaidlawq4@google.com,password123,941
Kenon Doone,kdooneq5@sitemeter.com,password123,942
Tess Gasgarth,tgasgarthq6@tinyurl.com,password123,943
Cameron McCarty,cmccartyq7@webnode.com,password123,944
Mariana Restieaux,mrestieauxq8@clickbank.net,password123,945
Clair Tidman,ctidmanq9@psu.edu,password123,946
Barron Carmichael,bcarmichaelqa@instagram.com,password123,947
Elladine Sandeman,esandemanqb@blogspot.com,password123,948
Nolan Pelham,npelhamqc@addtoany.com,password123,
Shea Benfell,sbenfellqd@hubpages.com,password123,950
Putnem Palle,ppalleqe@paginegialle.it,password123,
Dewitt Diano,ddianoqf@godaddy.com,password123,
Krisha Eyckel,keyckelqg@sakura.ne.jp,password123,953
Ulrick Mitchener,umitchenerqh@wunderground.com,password123,954
Buck Stacey,bstaceyqi@shareasale.com,password123,955
Reinaldo Seaborn,rseabornqj@discuz.net,password123,956
Denny Fawcus,dfawcusqk@google.nl,password123,957
Galina Cantopher,gcantopherql@acquirethisname.com,password123,958
Elfrida Aked,eakedqm@163.com,password123,959
Ebba Gozzard,egozzardqn@godaddy.com,password123,960
Roma Hallihan,rhallihanqo@aol.com,password123,961
Beltran Haseldine,bhaseldineqp@abc.net.au,password123,962
Cherye Giacopello,cgiacopelloqq@adobe.com,password123,
Livia MacGuffog,lmacguffogqr@ehow.com,password123,964
Heloise Whitlam,hwhitlamqs@lycos.com,password123,965
Elenore Bramley,ebramleyqt@cargocollective.com,password123,966
Grange Boyfield,gboyfieldqu@de.vu,password123,967
Kai Wilderspoon,kwilderspoonqv@hatena.ne.jp,password123,968
Curran Bruins,cbruinsqw@apache.org,password123,969
Corella Pywell,cpywellqx@opensource.org,password123,970
Dana Westwood,dwestwoodqy@amazon.co.uk,password123,971
Ermengarde Kerton,ekertonqz@naver.com,password123,972
Hershel Banthorpe,hbanthorper0@elpais.com,password123,973
Jeth Hayworth,jhayworthr1@usgs.gov,password123,974
Clare Brompton,cbromptonr2@microsoft.com,password123,975
Tarah Rennles,trennlesr3@spotify.com,password123,976
Bjorn McAlister,bmcalisterr4@europa.eu,password123,977
Hadria Minerdo,hminerdor5@facebook.com,password123,978
Kipp Weildish,kweildishr6@godaddy.com,password123,979
Tommie Colls,tcollsr7@dmoz.org,password123,980
Hayyim Newall,hnewallr8@state.tx.us,password123,981
Leelah Pactat,lpactatr9@artisteer.com,password123,982
Christen Dikes,cdikesra@privacy.gov.au,password123,983
Juana Blackston,jblackstonrb@deliciousdays.com,password123,984
Gar Dymoke,gdymokerc@jigsy.com,password123,985
Cris Roy,croyrd@sitemeter.com,password123,986
Briny Gogan,bgoganre@freewebs.com,password123,987
Ira Tollerfield,itollerfieldrf@reuters.com,password123,988
Maury Cassley,mcassleyrg@netscape.com,password123,989
Avigdor Angood,aangoodrh@dagondesign.com,password123,990
Alberta Luchelli,aluchelliri@odnoklassniki.ru,password123,991
Antonino Chanson,achansonrj@marketwatch.com,password123,992
Kurt Honeyghan,khoneyghanrk@php.net,password123,993
Lelia Biddles,lbiddlesrl@dyndns.org,password123,994
Alair Mulrooney,amulrooneyrm@cnbc.com,password123,995
Salim Burbidge,sburbidgern@ezinearticles.com,password123,
Gwenneth Doumerque,gdoumerquero@wordpress.com,password123,997
Harrie Neem,hneemrp@123-reg.co.uk,password123,998
Gifford Cramphorn,gcramphornrq@discuz.net,password123,999
Leland Scraney,lscraneyrr@posterous.com,password123,1000
