email,password,name,title,joinDate
tmclanachan0@studiopress.com,password123,Tani McLanachan,Lecturer,2025-03-04T22:25:26Z
cmacculloch1@amazon.co.jp,password123,Cos MacCulloch,Dr.,2025-10-21T22:41:20Z
cgrasser2@bloomberg.com,password123,Culley Grasser,Professor,2025-05-21T21:46:26Z
nsimion3@rediff.com,password123,Norton Simion,Research Fellow,2025-12-04T15:11:11Z
abirckmann4@apple.com,password123,Aprilette Birckmann,,2025-04-14T19:30:36Z
tfarland5@elpais.com,password123,Tiertza Farland,Research Fellow,2025-04-02T14:17:15Z
bgracewood6@nba.com,password123,Broderick Gracewood,Lecturer,2025-11-08T06:02:11Z
qdran7@google.com.br,password123,Quincey Dran,,2025-12-15T08:22:27Z
mweafer8@prlog.org,password123,Marget Weafer,Associate Professor,2025-07-26T10:48:27Z
mandrez9@dropbox.com,password123,Mendel Andrez,Research Fellow,2025-04-24T07:06:11Z
jchoupina@sciencedirect.com,password123,Jennifer Choupin,,
wstearneb@weebly.com,password123,Wilhelmine Stearne,Associate Professor,2025-03-25T04:53:22Z
mtwortc@shinystat.com,password123,Margit Twort,Lecturer,2025-03-10T10:09:29Z
zcristoford@mayoclinic.com,password123,Zach Cristofor,Research Fellow,2025-10-10T16:18:42Z
aphilbricke@samsung.com,password123,Aldric Philbrick,Research Fellow,2025-05-22T01:00:55Z
bjorgef@topsy.com,password123,Burlie Jorge,Lecturer,2025-08-31T09:11:04Z
sbramg@cyberchimps.com,password123,Smith Bram,Associate Professor,2025-03-28T23:47:38Z
ptippingh@nyu.edu,password123,Panchito Tipping,Research Fellow,2025-09-11T09:54:29Z
lstickellsi@huffingtonpost.com,password123,Lindsey Stickells,,2025-04-21T20:08:33Z
chavocj@wikipedia.org,password123,Carolynn Havoc,Professor,2025-11-13T15:32:30Z
tleyrek@gravatar.com,password123,Toiboid Leyre,Lecturer,2025-09-22T12:33:20Z
barmelll@naver.com,password123,Benedetto Armell,Professor,2025-02-19T05:05:48Z
aobrallaghanm@wired.com,password123,Angelika O'Brallaghan,Associate Professor,2025-02-24T16:07:11Z
mwitchallsn@devhub.com,password123,Marcello Witchalls,Associate Professor,2025-02-24T21:13:33Z
lellsono@dagondesign.com,password123,Lucho Ellson,Lecturer,2025-02-15T15:56:35Z
gbabidgep@gmpg.org,password123,Garvin Babidge,Lecturer,2026-01-03T22:28:42Z
kmcconnelq@illinois.edu,password123,King McConnel,Associate Professor,2025-02-16T07:42:34Z
cdibdinr@networksolutions.com,password123,Calida Dibdin,Associate Professor,2025-04-10T14:05:58Z
lgeraldezs@google.fr,password123,Laurel Geraldez,,2026-01-06T15:41:41Z
lblazyt@europa.eu,password123,Luigi Blazy,Professor,2026-01-22T14:26:47Z
tszwarcu@dedecms.com,password123,Theressa Szwarc,Associate Professor,2025-10-20T17:14:26Z
asummersv@g.co,password123,Arly Summers,,2025-04-08T09:44:30Z
deylesw@indiatimes.com,password123,Dennison Eyles,Lecturer,2025-06-10T11:33:11Z
tmottonx@zimbio.com,password123,Thomasine Motton,Professor,2025-02-06T12:19:10Z
dgiacomuzzoy@biglobe.ne.jp,password123,Donelle Giacomuzzo,Lecturer,2025-12-25T08:49:13Z
sslitez@github.io,password123,Suzann Slite,Professor,2025-04-04T06:43:01Z
amckevany10@zdnet.com,password123,Abey McKevany,Research Fellow,2025-11-24T09:45:00Z
ecordeau11@prweb.com,password123,Esta Cordeau],Associate Professor,2025-05-02T17:55:26Z
dbasketter12@salon.com,password123,Dinnie Basketter,Lecturer,2025-12-10T01:23:17Z
smival13@free.fr,password123,Stan Mival,,2025-06-07T01:52:18Z
aseater14@jugem.jp,password123,Alan Seater,Associate Professor,2025-09-20T05:30:07Z
dnusche15@yellowpages.com,password123,D'arcy Nusche,Professor,2025-03-25T07:24:06Z
wsrawley16@vinaora.com,password123,Whitaker Srawley,Professor,2025-12-11T04:29:11Z
amitchel17@netscape.com,password123,Anastasie Mitchel,Dr.,2025-04-11T06:30:22Z
bcrossthwaite18@skyrock.com,password123,Benito Crossthwaite,Professor,2025-06-04T10:40:35Z
fravilus19@home.pl,password123,Fianna Ravilus,Research Fellow,2025-03-05T01:52:07Z
sboon1a@blinklist.com,password123,Sigrid Boon,Research Fellow,2025-05-15T10:43:50Z
bpetrushka1b@vistaprint.com,password123,Benni Petrushka,,2025-03-28T19:06:35Z
biacomelli1c@alexa.com,password123,Bert Iacomelli,Dr.,2025-03-30T10:49:39Z
bferrillio1d@aol.com,password123,Benedikt Ferrillio,Lecturer,2025-03-06T05:32:28Z
rgooden1e@cnet.com,password123,Rasla Gooden,Associate Professor,2025-05-09T02:04:37Z
eroughsedge1f@clickbank.net,password123,Eddy Roughsedge,Dr.,
ltoffolo1g@youtu.be,password123,Lorrie Toffolo,Research Fellow,2025-04-11T03:10:12Z
bkeig1h@mit.edu,password123,Benni Keig,Dr.,2026-01-23T19:58:06Z
iharrod1i@hugedomains.com,password123,Inga Harrod,Professor,2025-07-16T03:38:28Z
closty1j@instagram.com,password123,Cariotta Losty,Dr.,
dspillman1k@usda.gov,password123,Duncan Spillman,Research Fellow,2025-07-29T08:13:51Z
mslogrove1l@flickr.com,password123,Mannie Slogrove,Professor,2025-04-10T17:31:47Z
tweymont1m@google.com.br,password123,Trude Weymont,Lecturer,2025-03-08T04:08:45Z
tflode1n@biblegateway.com,password123,Tripp Flode,,2025-05-24T00:33:29Z
fcurrin1o@t-online.de,password123,Fremont Currin,Research Fellow,2025-11-17T03:30:46Z
irodnight1p@blinklist.com,password123,Issi Rodnight,Research Fellow,2025-09-08T10:28:35Z
pcuschieri1q@bbb.org,password123,Pearce Cuschieri,Research Fellow,2025-11-19T16:29:16Z
gfranzolini1r@rakuten.co.jp,password123,Gwenette Franzolini,Professor,2025-11-21T02:12:44Z
sloweth1s@economist.com,password123,Selle Loweth,Research Fellow,2025-09-12T18:03:19Z
dvan1t@bloomberg.com,password123,Delmor Van der Baaren,Dr.,2025-07-19T23:47:34Z
bbrunner1u@businesswire.com,password123,Bernhard Brunner,Dr.,2025-03-11T20:13:02Z
acroasdale1v@hatena.ne.jp,password123,Annmaria Croasdale,Lecturer,2025-12-26T00:04:09Z
btidbald1w@gnu.org,password123,Bride Tidbald,Professor,2025-02-20T18:57:02Z
alakeland1x@virginia.edu,password123,Alphonse Lakeland,Research Fellow,2025-03-23T16:37:50Z
cwrigglesworth1y@issuu.com,password123,Cherish Wrigglesworth,,2025-03-17T05:33:53Z
dcritcher1z@ameblo.jp,password123,Dina Critcher,Research Fellow,2025-10-22T03:39:29Z
cbassingden20@youku.com,password123,Candy Bassingden,Dr.,2025-03-23T13:58:46Z
msuttling21@cmu.edu,password123,Marji Suttling,Associate Professor,2025-02-17T00:18:04Z
wbernette22@illinois.edu,password123,Winifred Bernette,,2025-10-13T09:22:29Z
dproughten23@samsung.com,password123,Dion Proughten,,2025-08-05T10:18:24Z
itrowbridge24@abc.net.au,password123,Ingaberg Trowbridge,Associate Professor,2025-06-25T08:26:28Z
jsamuels25@irs.gov,password123,Judith Samuels,Lecturer,
esebire26@sciencedaily.com,password123,Emmey Sebire,Professor,2025-02-08T11:27:46Z
borritt27@a8.net,password123,Binky Orritt,Research Fellow,2026-01-23T22:28:06Z
opippin28@edublogs.org,password123,Odell Pippin,Associate Professor,2025-07-20T18:42:02Z
cmaciejewski29@marketwatch.com,password123,Chickie Maciejewski,Associate Professor,2025-05-24T07:48:14Z
ttowl2a@mayoclinic.com,password123,Tabbie Towl,Professor,2026-01-03T10:38:55Z
nbarles2b@mtv.com,password123,Neely Barles,Dr.,2025-02-03T21:28:59Z
fgoldie2c@about.me,password123,Fanni Goldie,Associate Professor,2025-09-25T21:10:59Z
aolyfant2d@java.com,password123,Arlen Olyfant,Lecturer,2025-10-08T05:12:58Z
jgreenside2e@springer.com,password123,Julie Greenside,Dr.,2025-12-14T13:34:33Z
shukins2f@cornell.edu,password123,Stephie Hukins,Lecturer,2025-06-18T16:38:41Z
hridgers2g@apache.org,password123,Haley Ridgers,Lecturer,2025-09-16T06:52:33Z
luttley2h@t.co,password123,Lanette Uttley,Dr.,2025-08-21T11:04:58Z
jdronsfield2i@adobe.com,password123,Jenn Dronsfield,Dr.,2025-04-07T11:18:17Z
pdreakin2j@marketwatch.com,password123,Paulette Dreakin,Dr.,2026-01-05T10:34:11Z
atrawin2k@mayoclinic.com,password123,Agata Trawin,Associate Professor,
psmallthwaite2l@hud.gov,password123,Poppy Smallthwaite,Research Fellow,2025-09-03T08:19:18Z
sgerdes2m@cbc.ca,password123,Shamus Gerdes,Professor,2025-08-19T03:55:26Z
lcowcha2n@delicious.com,password123,Lyn Cowcha,Research Fellow,2025-12-29T15:09:54Z
adrees2o@sohu.com,password123,Auguste Drees,Research Fellow,2025-04-26T08:48:45Z
atremontana2p@sciencedirect.com,password123,Agnese Tremontana,Research Fellow,2025-06-04T23:35:27Z
blongwood2q@smh.com.au,password123,Byran Longwood,Professor,2025-05-14T07:35:15Z
dbilbie2r@addtoany.com,password123,Dulce Bilbie,Dr.,2025-10-12T07:24:01Z
fgopsall2s@ucoz.com,password123,Fiona Gopsall,Research Fellow,2025-04-12T22:51:54Z
ngorham2t@paginegialle.it,password123,Norman Gorham,Associate Professor,2025-09-11T18:56:49Z
dsallnow2u@ning.com,password123,Dougie Sallnow,Lecturer,2025-08-03T02:06:26Z
ddyers2v@jigsy.com,password123,Dieter Dyers,Research Fellow,2025-02-26T04:50:24Z
cphilipps2w@tripadvisor.com,password123,Cleopatra Philipps,Research Fellow,2025-05-18T21:57:43Z
duccello2x@java.com,password123,Davidson Uccello,,2025-12-27T23:58:13Z
lcarwithen2y@lycos.com,password123,Loutitia Carwithen,Associate Professor,2025-02-23T23:56:06Z
amundow2z@feedburner.com,password123,Adore Mundow,Lecturer,2025-09-26T21:32:19Z
ldoman30@1und1.de,password123,Lewiss Doman,,2025-12-28T07:07:36Z
eickov31@usatoday.com,password123,Ezra Ickov,Research Fellow,2025-02-25T16:31:07Z
morchard32@comcast.net,password123,Marion Orchard,Lecturer,2025-10-07T12:22:37Z
mismead33@mashable.com,password123,Micaela Ismead,Dr.,2025-02-22T14:46:29Z
arickford34@woothemes.com,password123,Aveline Rickford,Dr.,2025-12-09T04:12:01Z
msewall35@opensource.org,password123,Melody Sewall,Research Fellow,2025-03-10T19:00:43Z
jbelamy36@narod.ru,password123,Jose Belamy,,2026-01-23T18:38:17Z
snurdin37@archive.org,password123,Salomon Nurdin,Professor,2025-09-11T11:19:36Z
rgazzard38@ed.gov,password123,Rory Gazzard,Research Fellow,2025-11-06T08:03:57Z
mwoolfitt39@patch.com,password123,Marice Woolfitt,Associate Professor,2025-03-22T09:50:45Z
kclunan3a@artisteer.com,password123,Kai Clunan,Dr.,2025-12-17T21:05:23Z
fninnoli3b@meetup.com,password123,Findlay Ninnoli,Professor,2025-11-09T11:37:35Z
mbosley3c@kickstarter.com,password123,Marena Bosley,,2025-12-21T17:04:13Z
ccapper3d@latimes.com,password123,Cherish Capper,Dr.,2025-07-22T07:28:23Z
hskoate3e@chron.com,password123,Harald Skoate,Lecturer,2025-06-01T22:45:11Z
rkline3f@comsenz.com,password123,Ricky Kline,Research Fellow,2025-02-10T12:43:11Z
djagiello3g@yellowbook.com,password123,Denver Jagiello,Research Fellow,2025-11-07T19:56:56Z
dcharopen3h@imdb.com,password123,Denys Charopen,Dr.,2025-06-03T06:37:31Z
tsheran3i@w3.org,password123,Tab Sheran,Lecturer,2025-08-17T13:40:01Z
jwaylett3j@skype.com,password123,Janela Waylett,Research Fellow,2025-06-25T18:43:25Z
grubee3k@edublogs.org,password123,Gaven Rubee,Research Fellow,2026-01-02T14:40:20Z
lsergison3l@shutterfly.com,password123,Lancelot Sergison,Research Fellow,2025-11-20T01:07:44Z
jbettis3m@imageshack.us,password123,Johny Bettis,Lecturer,2025-02-18T00:37:39Z
mcator3n@stumbleupon.com,password123,Maude Cator,Dr.,2025-09-13T22:44:38Z
pde3o@naver.com,password123,Petra De Benedetti,Research Fellow,2025-02-19T15:42:49Z
holuwatoyin3p@vk.com,password123,Hurleigh Oluwatoyin,Lecturer,2025-02-22T14:41:43Z
croseby3q@pbs.org,password123,Carley Roseby,Professor,2025-08-06T23:38:52Z
helwyn3r@sogou.com,password123,Hortensia Elwyn,Dr.,
jkirvell3s@guardian.co.uk,password123,Janos Kirvell,Dr.,2025-10-05T05:43:25Z
clygoe3t@go.com,password123,Carolann Lygoe,Research Fellow,2025-03-10T10:43:18Z
gbrignell3u@reverbnation.com,password123,Gaye Brignell,Lecturer,2025-02-19T14:29:18Z
gboner3v@cocolog-nifty.com,password123,Griff Boner,Associate Professor,2025-07-23T12:39:52Z
pbutland3w@tiny.cc,password123,Pyotr Butland,,2026-01-11T09:47:33Z
bbrient3x@storify.com,password123,Becka Brient,Associate Professor,2025-02-22T11:02:33Z
rcommusso3y@istockphoto.com,password123,Rachael Commusso,Associate Professor,2025-08-28T00:46:02Z
rpownall3z@ox.ac.uk,password123,Rickey Pownall,Associate Professor,2025-09-11T03:04:31Z
jharbar40@imdb.com,password123,Jdavie Harbar,Associate Professor,2025-08-01T06:23:30Z
agreste41@shinystat.com,password123,Angel Greste,Research Fellow,2025-03-25T19:30:44Z
ahudghton42@com.com,password123,Al Hudghton,Professor,2025-12-07T01:58:17Z
jphillcox43@trellian.com,password123,Jillayne Phillcox,Professor,2025-05-31T18:57:09Z
cchill44@sina.com.cn,password123,Calhoun Chill,Research Fellow,2025-08-05T23:02:29Z
llevensky45@pagesperso-orange.fr,password123,Lissie Levensky,,2025-04-01T05:50:59Z
bhullock46@blogspot.com,password123,Brande Hullock,Lecturer,
pcastagnet47@moonfruit.com,password123,Petra Castagnet,Research Fellow,2026-01-25T19:02:00Z
oszwandt48@mail.ru,password123,Odilia Szwandt,Dr.,
pcutteridge49@csmonitor.com,password123,Pedro Cutteridge,Research Fellow,2025-03-04T12:01:32Z
acritoph4a@hexun.com,password123,Alix Critoph,Dr.,2025-09-08T04:29:32Z
ofitzsimons4b@fastcompany.com,password123,Osbourne Fitzsimons,Associate Professor,2025-10-08T17:24:21Z
dbelmont4c@twitpic.com,password123,Dewain Belmont,Associate Professor,
crudeyeard4d@ifeng.com,password123,Carl Rudeyeard,,2025-10-04T19:00:07Z
jrhodus4e@jalbum.net,password123,Jase Rhodus,Lecturer,
ctrenbay4f@wikipedia.org,password123,Constantine Trenbay,Dr.,2025-04-02T02:29:22Z
hdominici4g@pinterest.com,password123,Hill Dominici,Lecturer,2025-02-07T01:27:41Z
eliggins4h@so-net.ne.jp,password123,Elsworth Liggins,Lecturer,
cedmundson4i@webeden.co.uk,password123,Cristal Edmundson,Professor,2025-08-27T03:36:29Z
jvittori4j@fotki.com,password123,Jacquelynn Vittori,Lecturer,2025-08-12T21:18:04Z
nbarden4k@google.com.au,password123,Norrie Barden,Dr.,2025-11-19T02:09:37Z
ctine4l@plala.or.jp,password123,Corabella Tine,Lecturer,
mrodd4m@aboutads.info,password123,Miguela Rodd,Research Fellow,2025-05-03T04:20:31Z
skarpe4n@phpbb.com,password123,Sansone Karpe,Dr.,2025-03-10T08:11:24Z
zastles4o@twitpic.com,password123,Zolly Astles,Professor,2025-05-22T06:12:56Z
ldorbon4p@goodreads.com,password123,Livvy Dorbon,,2025-06-20T09:06:33Z
vnovichenko4q@blogs.com,password123,Vanya Novichenko,Professor,2025-02-12T02:44:55Z
ybowles4r@utexas.edu,password123,Yard Bowles,Research Fellow,2025-10-21T15:05:38Z
bserot4s@mlb.com,password123,Brianne Serot,Lecturer,2025-10-03T01:02:56Z
mlinguard4t@tripod.com,password123,Mitchell Linguard,Research Fellow,2025-07-15T23:26:07Z
pwhitfield4u@nps.gov,password123,Perren Whitfield,Research Fellow,2025-06-25T13:55:03Z
cricker4v@sakura.ne.jp,password123,Carlos Ricker,Lecturer,2025-09-11T02:12:00Z
jsurcomb4w@senate.gov,password123,Jolyn Surcomb,Professor,2025-11-12T08:26:40Z
rheimes4x@cam.ac.uk,password123,Regan Heimes,Dr.,2025-12-05T02:32:42Z
rfeehely4y@imdb.com,password123,Ronnie Feehely,,2025-12-13T23:41:28Z
ahaggas4z@qq.com,password123,Andromache Haggas,,2025-05-08T22:16:42Z
ameeron50@ask.com,password123,Annette Meeron,Associate Professor,2025-06-03T01:32:11Z
dmaine51@msu.edu,password123,Dacie Maine,Associate Professor,2025-05-31T12:53:43Z
bsheach52@slideshare.net,password123,Bale Sheach,,2025-06-04T00:54:01Z
ttremblet53@quantcast.com,password123,Tybi Tremblet,Dr.,2025-07-28T02:17:38Z
ascritch54@thetimes.co.uk,password123,Allison Scritch,Dr.,2025-05-18T07:52:28Z
cbowick55@lycos.com,password123,Concettina Bowick,Lecturer,2025-03-28T17:31:29Z
scran56@hostgator.com,password123,Sherrie Cran,Lecturer,2025-07-05T02:43:01Z
vhanshawe57@ucoz.com,password123,Verney Hanshawe,Professor,2025-03-01T06:55:35Z
sde58@apache.org,password123,Sari De la Perrelle,Lecturer,2025-03-03T23:02:09Z
dleaming59@myspace.com,password123,Dulce Leaming,Dr.,2026-01-04T14:12:34Z
pegdal5a@skype.com,password123,Pamelina Egdal,Lecturer,2025-09-22T12:32:01Z
qminter5b@hp.com,password123,Quinn Minter,Associate Professor,2025-12-18T04:24:38Z
vduthy5c@mac.com,password123,Vallie Duthy,Dr.,2025-05-05T16:49:18Z
ktollet5d@1688.com,password123,Keene Tollet,Lecturer,2025-12-03T14:51:35Z
tshears5e@buzzfeed.com,password123,Tamma Shears,,2025-03-04T21:59:25Z
lrosle5f@va.gov,password123,Lorelle Rosle,Dr.,2025-05-11T22:09:23Z
enarramore5g@studiopress.com,password123,Elizabet Narramore,,2026-01-29T19:19:12Z
ckensit5h@spiegel.de,password123,Cammy Kensit,Dr.,2025-08-16T09:01:33Z
nwhelan5i@hatena.ne.jp,password123,Nedi Whelan,,2025-06-20T00:52:03Z
cotuohy5j@comsenz.com,password123,Cordell O'Tuohy,Lecturer,2025-12-09T20:18:25Z
fclyde5k@thetimes.co.uk,password123,Fidelity Clyde,Associate Professor,2025-02-13T00:16:38Z
pcarr5l@nba.com,password123,Paten Carr,Lecturer,2025-11-10T17:17:24Z
jmartinson5m@marriott.com,password123,Jakob Martinson,Dr.,2025-06-04T04:31:52Z
gtezure5n@addtoany.com,password123,Gussi Tezure,Professor,2025-07-05T05:10:36Z
lscholcroft5o@sakura.ne.jp,password123,Lemmie Scholcroft,Associate Professor,2025-06-23T06:04:17Z
rmealham5p@columbia.edu,password123,Richy Mealham,,2025-07-25T21:02:05Z
fastell5q@lycos.com,password123,Fredrika Astell,Associate Professor,2025-11-09T10:07:56Z
apaulat5r@parallels.com,password123,Arvie Paulat,Lecturer,2025-06-23T22:00:29Z
mlockless5s@meetup.com,password123,Mozes Lockless,Associate Professor,2025-11-30T20:47:57Z
cwindridge5t@virginia.edu,password123,Caria Windridge,Dr.,2025-08-06T02:29:57Z
apafford5u@cnn.com,password123,Adam Pafford,Research Fellow,2025-06-24T21:27:38Z
ostoyell5v@deviantart.com,password123,Otes Stoyell,Professor,2025-07-07T21:44:19Z
mpallister5w@dailymail.co.uk,password123,Margo Pallister,Dr.,2026-01-27T13:19:46Z
teldridge5x@webmd.com,password123,Trudie Eldridge,Associate Professor,2025-06-22T01:26:18Z
kblandamore5y@bluehost.com,password123,Kingsley Blandamore,,2025-05-17T22:47:50Z
ggoligher5z@wordpress.com,password123,Gloriane Goligher,Lecturer,2025-10-21T13:56:20Z
tguilbert60@lycos.com,password123,Trudey Guilbert,Lecturer,2025-09-22T10:14:43Z
cdwelley61@istockphoto.com,password123,Cassey Dwelley,Research Fellow,2025-09-16T09:06:54Z
lsmails62@discovery.com,password123,Louisette Smails,Associate Professor,2025-06-24T14:44:49Z
rboughtwood63@bloomberg.com,password123,Rozele Boughtwood,Professor,2025-08-20T08:29:22Z
kdunton64@admin.ch,password123,Karoly Dunton,,2025-10-21T05:29:41Z
ccobley65@msu.edu,password123,Concordia Cobley,Research Fellow,2026-01-17T05:03:52Z
mferenc66@amazon.co.jp,password123,Minerva Ferenc,Dr.,2025-06-14T13:02:58Z
kantunes67@godaddy.com,password123,Karie Antunes,Research Fellow,2026-01-11T17:40:05Z
bruston68@yellowpages.com,password123,Blane Ruston,Research Fellow,2026-01-30T19:48:57Z
jbrothwell69@utexas.edu,password123,Janean Brothwell,Research Fellow,2025-10-13T08:58:00Z
asore6a@comcast.net,password123,Albert Sore,Research Fellow,2025-11-30T22:29:04Z
cviles6b@constantcontact.com,password123,Claudianus Viles,Dr.,2025-10-08T22:14:52Z
rhalesworth6c@behance.net,password123,Roy Halesworth,Professor,2025-04-01T01:22:07Z
rmc6d@deviantart.com,password123,Renado Mc Elory,Dr.,2025-08-16T08:51:50Z
rschutter6e@state.tx.us,password123,Rosabella Schutter,Research Fellow,2025-05-27T17:59:16Z
tfoye6f@craigslist.org,password123,Theodoric Foye,Lecturer,2025-09-17T19:24:31Z
efoyster6g@google.com.au,password123,Ephrayim Foyster,Dr.,2025-12-29T05:00:16Z
tabrahamsen6h@columbia.edu,password123,Thayne Abrahamsen,Research Fellow,2025-12-27T02:16:57Z
vscedall6i@nba.com,password123,Vita Scedall,Dr.,2025-07-16T19:40:23Z
moddie6j@patch.com,password123,Myrilla Oddie,Research Fellow,2025-03-20T06:06:29Z
predfern6k@clickbank.net,password123,Putnam Redfern,Professor,2026-01-08T14:17:47Z
smcgaughie6l@un.org,password123,Sawyer McGaughie,Associate Professor,2025-02-18T09:31:07Z
jtarborn6m@xrea.com,password123,Josey Tarborn,Lecturer,2025-05-25T19:17:37Z
nmulhall6n@squarespace.com,password123,Noell Mulhall,Lecturer,2025-04-06T15:11:12Z
vmccullouch6o@printfriendly.com,password123,Vasili McCullouch,Research Fellow,2025-04-30T12:00:59Z
mmerrikin6p@google.es,password123,Merla Merrikin,Research Fellow,2025-08-20T23:53:34Z
ewaleworke6q@pagesperso-orange.fr,password123,Edsel Waleworke,Dr.,2025-05-11T06:43:49Z
sgentsch6r@wix.com,password123,Sacha Gentsch,Professor,2025-06-25T11:21:08Z
hbernucci6s@rediff.com,password123,Hertha Bernucci,,2025-05-04T06:19:46Z
fbeining6t@amazonaws.com,password123,Frederich Beining,,2025-03-26T17:24:38Z
eclemes6u@hao123.com,password123,Edlin Clemes,Dr.,2025-09-04T11:07:28Z
shamshar6v@ucla.edu,password123,Shane Hamshar,Research Fellow,2025-10-03T20:37:49Z
mbowler6w@hubpages.com,password123,Meade Bowler,Professor,2025-08-18T07:13:53Z
rgottschalk6x@patch.com,password123,Randell Gottschalk,Associate Professor,2025-08-09T00:50:59Z
awhether6y@abc.net.au,password123,Aridatha Whether,Professor,2025-04-06T21:40:57Z
upennacci6z@moonfruit.com,password123,Ursulina Pennacci,Professor,2025-07-08T19:18:05Z
rkerswell70@auda.org.au,password123,Randy Kerswell,Research Fellow,2025-10-24T17:57:27Z
lmorefield71@slideshare.net,password123,Lilah Morefield,Lecturer,2025-05-31T00:23:27Z
cmilnthorpe72@smugmug.com,password123,Cobbie Milnthorpe,Research Fellow,2025-06-22T06:18:13Z
skilbee73@harvard.edu,password123,Shirleen Kilbee,Professor,2025-06-27T08:55:56Z
sglazzard74@pen.io,password123,Silvan Glazzard,Research Fellow,2025-06-15T18:21:27Z
kiwanczyk75@amazonaws.com,password123,Kit Iwanczyk,Research Fellow,2025-04-09T16:05:43Z
gdohrmann76@usa.gov,password123,Godfry Dohrmann,Associate Professor,2025-06-25T13:24:09Z
ktitmarsh77@cocolog-nifty.com,password123,Ketti Titmarsh,Lecturer,2026-01-03T18:46:32Z
glathbury78@jiathis.com,password123,Gavra Lathbury,Associate Professor,2025-11-26T22:00:53Z
atassell79@gmpg.org,password123,Amelie Tassell,Research Fellow,2025-10-20T12:11:23Z
aplenderleith7a@163.com,password123,Arley Plenderleith,Associate Professor,2025-03-09T03:25:05Z
hspeers7b@paypal.com,password123,Harv Speers,Professor,2025-03-14T13:02:02Z
cdodding7c@netscape.com,password123,Christan Dodding,Dr.,2025-05-31T23:04:51Z
sblaszczynski7d@mediafire.com,password123,Shelden Blaszczynski,Dr.,2025-08-27T08:00:36Z
ecraigheid7e@edublogs.org,password123,Elizabet Craigheid,Lecturer,2025-07-17T00:31:06Z
crust7f@tinyurl.com,password123,Cord Rust,Dr.,2025-07-15T17:19:28Z
lwesker7g@java.com,password123,Langsdon Wesker,Associate Professor,2025-02-21T14:07:35Z
kbaggot7h@liveinternet.ru,password123,Kev Baggot,Professor,2025-05-14T14:39:46Z
bslator7i@dell.com,password123,Burton Slator,Lecturer,2025-10-04T13:47:09Z
jmcalinden7j@qq.com,password123,Joyann McAlinden,Associate Professor,2025-08-13T02:20:29Z
fo7k@psu.edu,password123,Freddie O' Driscoll,Dr.,2025-11-05T02:30:07Z
fgoodnow7l@house.gov,password123,Filbert Goodnow,Professor,2025-12-17T12:00:42Z
lkaines7m@arstechnica.com,password123,Luce Kaines,Dr.,2025-04-29T18:04:06Z
dcayser7n@myspace.com,password123,Dana Cayser,Associate Professor,2025-03-21T09:50:47Z
fmclise7o@homestead.com,password123,Fee McLise,Lecturer,2025-09-09T15:08:43Z
eeveriss7p@soundcloud.com,password123,Emeline Everiss,Research Fellow,
gcristofalo7q@google.com.au,password123,Guss Cristofalo,Research Fellow,2025-10-02T06:09:58Z
gupex7r@msn.com,password123,Gonzalo Upex,Associate Professor,2025-02-20T05:33:42Z
lwinterson7s@tripod.com,password123,Laryssa Winterson,Dr.,
qridout7t@arizona.edu,password123,Quinta Ridout,Lecturer,2025-04-20T21:20:29Z
kmapledorum7u@columbia.edu,password123,Kelby Mapledorum,,2025-02-04T09:04:55Z
epessolt7v@arizona.edu,password123,Eldredge Pessolt,Research Fellow,2025-11-13T19:26:37Z
editer7w@chron.com,password123,Erie Diter,Professor,2025-02-03T20:26:47Z
erickardes7x@europa.eu,password123,Even Rickardes,Associate Professor,2025-10-25T00:30:33Z
glangwade7y@tmall.com,password123,Gayla Langwade,Associate Professor,2025-12-25T21:32:10Z
aoherlihy7z@bravesites.com,password123,Anastassia Oherlihy,Professor,2025-07-11T12:05:11Z
dtregale80@prnewswire.com,password123,Darren Tregale,Dr.,
abloxam81@creativecommons.org,password123,Alexine Bloxam,Professor,2025-08-23T07:28:03Z
tgreenhough82@xinhuanet.com,password123,Trenton Greenhough,Dr.,2025-12-21T09:28:45Z
mreaper83@foxnews.com,password123,Marigold Reaper,,2025-07-29T09:27:58Z
cjosofovitz84@360.cn,password123,Chery Josofovitz,Associate Professor,2025-05-21T18:25:38Z
mottiwill85@oaic.gov.au,password123,Moe Ottiwill,Dr.,2025-11-13T21:54:38Z
coxley86@ca.gov,password123,Chance Oxley,,2025-07-06T12:23:50Z
gexeter87@360.cn,password123,Geri Exeter,Lecturer,2025-03-31T03:43:43Z
kfarrand88@china.com.cn,password123,Korney Farrand,Associate Professor,2025-11-02T01:17:25Z
kattrie89@plala.or.jp,password123,Kellby Attrie,Lecturer,2025-02-27T16:22:59Z
kde8a@about.com,password123,Konstantin De Carteret,Lecturer,2025-08-29T07:25:40Z
anucci8b@weibo.com,password123,Anderea Nucci,Dr.,
nhumberstone8c@wsj.com,password123,Nadiya Humberstone,Associate Professor,2025-10-02T14:05:35Z
twalesa8d@amazon.com,password123,Tandy Walesa,Lecturer,
jmcphillimey8e@imdb.com,password123,Judi McPhillimey,Research Fellow,2025-03-31T20:45:18Z
bcrisp8f@usgs.gov,password123,Beth Crisp,Research Fellow,2025-05-21T00:36:54Z
dcawte8g@imageshack.us,password123,Donnie Cawte,Research Fellow,2025-09-13T03:18:18Z
hdunabie8h@myspace.com,password123,Hephzibah Dunabie,Research Fellow,2025-06-28T06:06:07Z
cpaish8i@ucsd.edu,password123,Coretta Paish,Associate Professor,2026-01-24T19:31:16Z
mbartolomivis8j@loc.gov,password123,Miguela Bartolomivis,Associate Professor,2025-08-08T02:28:47Z
mquilleash8k@dot.gov,password123,Maurine Quilleash,Professor,2026-01-14T01:58:14Z
averry8l@themeforest.net,password123,Annalee Verry,Associate Professor,2025-02-20T18:53:55Z
nmaccrachen8m@mozilla.com,password123,Nollie MacCrachen,Lecturer,2025-10-04T23:11:48Z
emannooch8n@hc360.com,password123,Evonne Mannooch,Associate Professor,2025-06-08T21:40:33Z
sbrimfield8o@nydailynews.com,password123,Stacie Brimfield,Professor,2025-11-19T22:11:19Z
mennor8p@eventbrite.com,password123,Madlen Ennor,Dr.,2025-05-15T14:37:42Z
eketteman8q@amazonaws.com,password123,Eberhard Ketteman,Lecturer,2025-09-04T22:59:17Z
edenyukhin8r@mapy.cz,password123,Enrika Denyukhin,Associate Professor,2025-09-06T21:47:33Z
jholtom8s@bloglovin.com,password123,Jarrod Holtom,Research Fellow,2025-08-01T09:34:25Z
adring8t@edublogs.org,password123,Aurilia Dring,Professor,2026-01-03T01:16:37Z
bbeggan8u@geocities.jp,password123,Bamby Beggan,Research Fellow,2025-07-15T03:28:40Z
bgianullo8v@utexas.edu,password123,Becka Gianullo,Dr.,2025-12-15T22:57:42Z
hbridgeland8w@washingtonpost.com,password123,Hamel Bridgeland,Dr.,2025-07-28T07:48:41Z
jstainbridge8x@mlb.com,password123,Jillene Stainbridge,,2026-01-13T23:43:13Z
cfeore8y@yellowpages.com,password123,Colas Feore,Lecturer,
imcghee8z@liveinternet.ru,password123,Ingar McGhee,,2025-04-09T10:27:30Z
bpedracci90@aboutads.info,password123,Berke Pedracci,Dr.,2025-07-24T14:39:04Z
zbernier91@columbia.edu,password123,Zerk Bernier,,2025-09-10T11:40:50Z
ctegler92@bloglovin.com,password123,Codie Tegler,Lecturer,
ibasford93@chronoengine.com,password123,Isadora Basford,Research Fellow,2025-12-20T05:16:27Z
lhowat94@epa.gov,password123,Leann Howat,Dr.,2025-04-04T04:08:28Z
schapelhow95@fda.gov,password123,Stormy Chapelhow,Professor,2025-11-07T11:11:50Z
lcrimes96@about.me,password123,Lalo Crimes,Research Fellow,2025-09-18T09:31:18Z
bbeentjes97@csmonitor.com,password123,Berthe Beentjes,Professor,2025-06-16T06:51:35Z
slabrum98@wikispaces.com,password123,Shanon Labrum,Associate Professor,2025-09-14T21:46:55Z
blillyman99@etsy.com,password123,Bayard Lillyman,Research Fellow,2026-02-02T16:00:17Z
porniz9a@alibaba.com,password123,Pierette Orniz,Professor,2025-12-02T08:59:09Z
abutterworth9b@virginia.edu,password123,Averil Butterworth,Associate Professor,2025-10-16T02:28:58Z
lcullabine9c@ehow.com,password123,Leola Cullabine,Lecturer,2025-09-25T04:14:07Z
acamis9d@examiner.com,password123,Adorne Camis,Research Fellow,
bmarusyak9e@businessweek.com,password123,Bronny Marusyak,Associate Professor,2025-03-20T14:12:01Z
ajephcott9f@sakura.ne.jp,password123,Agatha Jephcott,Professor,2025-04-27T23:15:27Z
rblakelock9g@google.nl,password123,Rasia Blakelock,Dr.,2026-01-14T02:18:48Z
glindner9h@multiply.com,password123,Giffy Lindner,Dr.,
icattrell9i@amazonaws.com,password123,Inglebert Cattrell,Dr.,2025-12-02T16:26:02Z
rgalland9j@un.org,password123,Robinette Galland,Professor,2025-06-14T23:33:30Z
nbeeching9k@uiuc.edu,password123,Nike Beeching,,2025-04-16T06:05:55Z
nrawnsley9l@smh.com.au,password123,Nevsa Rawnsley,Associate Professor,2025-08-25T03:11:02Z
vharris9m@dedecms.com,password123,Van Harris,Associate Professor,2025-08-01T14:10:47Z
ddaouse9n@nih.gov,password123,Demetri Daouse,Associate Professor,2025-04-13T09:49:48Z
scruxton9o@weebly.com,password123,Suzie Cruxton,Dr.,2025-08-03T20:23:33Z
amarvelley9p@abc.net.au,password123,Alecia Marvelley,,2025-08-07T20:33:20Z
ltolworthy9q@multiply.com,password123,Lorens Tolworthy,Lecturer,2025-02-03T14:26:57Z
jpattullo9r@goodreads.com,password123,Jimmy Pattullo,Lecturer,2025-03-22T23:08:13Z
ybazeley9s@telegraph.co.uk,password123,Yolane Bazeley,Dr.,2025-02-15T23:08:12Z
asimoncini9t@prweb.com,password123,Ardath Simoncini,Lecturer,2025-08-21T18:10:26Z
kacheson9u@google.it,password123,Kat Acheson,Professor,2025-12-10T08:33:14Z
gpacheco9v@printfriendly.com,password123,Gerrilee Pacheco,Associate Professor,2026-01-28T05:24:46Z
ngrimwood9w@who.int,password123,Nowell Grimwood,Professor,2025-03-24T01:34:26Z
dgreiswood9x@4shared.com,password123,Darius Greiswood,Dr.,
pmustin9y@dion.ne.jp,password123,Paige Mustin,Associate Professor,2025-07-31T21:01:49Z
mkamienski9z@simplemachines.org,password123,Mitchell Kamienski,Professor,2026-01-13T14:57:29Z
cvedenyapina0@wiley.com,password123,Christan Vedenyapin,Lecturer,2025-10-30T04:59:39Z
bfirmina1@wordpress.org,password123,Bellanca Firmin,Associate Professor,2025-05-06T21:31:16Z
aridsdolea2@live.com,password123,Allina Ridsdole,Associate Professor,2025-10-24T14:40:22Z
aemelinea3@icio.us,password123,Arni Emeline,Professor,2025-11-19T06:09:25Z
ashailera4@vk.com,password123,Alaric Shailer,Dr.,2025-11-02T11:05:54Z
rtregiddoa5@elpais.com,password123,Ricky Tregiddo,Dr.,2025-05-15T22:53:56Z
pyurenina6@histats.com,password123,Portia Yurenin,,2025-11-22T17:08:56Z
obrokenshawa7@furl.net,password123,Olvan Brokenshaw,Research Fellow,2025-05-20T18:10:31Z
nboxilla8@hexun.com,password123,Nydia Boxill,Research Fellow,2025-08-28T06:39:38Z
ldeguea9@biblegateway.com,password123,Lucina Degue,Professor,2026-01-20T18:06:48Z
lgittoseaa@noaa.gov,password123,Levey Gittose,Associate Professor,2025-02-10T00:13:04Z
mdoughtonab@java.com,password123,Manya Doughton,Professor,2025-08-13T07:59:11Z
fkyddeac@netlog.com,password123,Flossi Kydde,Lecturer,2025-11-25T12:55:58Z
jparisad@cbsnews.com,password123,Joshuah Paris,,2025-07-20T22:56:42Z
mferrelliae@livejournal.com,password123,Mattias Ferrelli,Dr.,2025-07-19T21:07:40Z
jabrahamowitczaf@hugedomains.com,password123,Joye Abrahamowitcz,,2025-12-25T09:49:35Z
mpicottag@godaddy.com,password123,Mae Picott,Associate Professor,2025-05-03T11:23:58Z
ecrofthwaiteah@squidoo.com,password123,Eamon Crofthwaite,Professor,2025-10-31T16:24:42Z
gchinnai@so-net.ne.jp,password123,Georges Chinn,Associate Professor,2025-06-28T04:04:52Z
tfillimoreaj@arizona.edu,password123,Trenton Fillimore,Lecturer,2025-11-10T11:50:43Z
zpilchak@cbc.ca,password123,Zabrina Pilch,Associate Professor,2025-04-15T22:27:44Z
rgristockal@pcworld.com,password123,Riannon Gristock,Associate Professor,2025-11-17T00:44:55Z
aedmedam@omniture.com,password123,Amandi Edmed,Research Fellow,2025-11-23T09:48:26Z
rlarsenan@flickr.com,password123,Roma Larsen,Associate Professor,2025-10-18T14:11:40Z
hsketchleyao@drupal.org,password123,Hedwiga Sketchley,Professor,2025-09-05T18:08:43Z
evautreap@bloglovin.com,password123,Emera Vautre,Research Fellow,2025-05-10T15:45:13Z
rpapachristophorouaq@youku.com,password123,Rabi Papachristophorou,Professor,2025-06-07T15:20:05Z
chatreyar@vk.com,password123,Corty Hatrey,,
ikinnearas@newsvine.com,password123,Isiahi Kinnear,Lecturer,2026-01-09T03:14:23Z
bfulcherat@reverbnation.com,password123,Barbey Fulcher,Lecturer,2025-09-13T03:30:00Z
askirvaneau@studiopress.com,password123,Anna Skirvane,Research Fellow,2025-02-04T15:00:28Z
bneadsav@seattletimes.com,password123,Benedetto Neads,Professor,2025-07-14T20:24:21Z
mbryantaw@sbwire.com,password123,Monroe Bryant,,2025-05-21T01:49:42Z
fsnarax@admin.ch,password123,Fay Snar,Associate Professor,2025-09-09T03:43:06Z
mlethlayay@mozilla.org,password123,Mercy Lethlay,Associate Professor,2025-11-19T17:30:33Z
dthackerayaz@pagesperso-orange.fr,password123,Dori Thackeray,Professor,2025-06-16T05:26:58Z
thumphersonb0@cbsnews.com,password123,Tirrell Humpherson,Lecturer,
rhambrightb1@msn.com,password123,Reginald Hambright,Associate Professor,2025-03-16T12:12:05Z
ebernardeaub2@altervista.org,password123,Ethan Bernardeau,Associate Professor,2026-01-27T15:46:12Z
mboutellierb3@tuttocitta.it,password123,Maggi Boutellier,Associate Professor,2025-06-27T23:07:16Z
efarrallb4@nymag.com,password123,Essa Farrall,Dr.,2025-11-13T15:55:56Z
imuggachb5@about.me,password123,Ignaz Muggach,Dr.,
pvenablesb6@simplemachines.org,password123,Petronella Venables,Associate Professor,2025-04-02T11:58:25Z
djansonb7@samsung.com,password123,Dannie Janson,Professor,2025-03-13T13:19:03Z
wyushankinb8@privacy.gov.au,password123,Wayne Yushankin,Research Fellow,2025-12-18T23:38:13Z
kborgeb9@jiathis.com,password123,Karola Borge,Associate Professor,
desbyba@disqus.com,password123,Dario Esby,Dr.,2025-07-21T13:10:17Z
ccrutchleybb@about.me,password123,Clayborne Crutchley,Associate Professor,2025-10-18T19:18:32Z
pdineenbc@slate.com,password123,Pat Dineen,Lecturer,2025-10-14T22:00:09Z
dlowndsbroughbd@nsw.gov.au,password123,Daniella Lowndsbrough,Associate Professor,2026-01-11T13:21:30Z
aoffinbe@epa.gov,password123,Angus Offin,Dr.,2025-12-24T20:23:06Z
aodegaardbf@bloglovin.com,password123,Alonzo Odegaard,Associate Professor,2025-04-27T05:06:16Z
jhollylandbg@barnesandnoble.com,password123,Jaimie Hollyland,Research Fellow,2025-03-01T18:38:48Z
bbulfoybh@webs.com,password123,Brett Bulfoy,Dr.,2025-10-15T13:27:27Z
tmacscheriebi@plala.or.jp,password123,Theo MacScherie,Professor,2025-07-24T04:10:20Z
tdunphybj@infoseek.co.jp,password123,Trudey Dunphy,Research Fellow,2025-07-03T23:47:20Z
jberkeleybk@furl.net,password123,Jessie Berkeley,,2025-07-28T21:09:29Z
pgriffoenbl@google.nl,password123,Pablo Griffoen,Research Fellow,2025-06-02T18:37:35Z
zwapolbm@tuttocitta.it,password123,Zora Wapol,Research Fellow,2025-05-30T18:50:36Z
smattinsonbn@yellowpages.com,password123,Shellysheldon Mattinson,,2025-06-11T19:22:55Z
kculpanbo@joomla.org,password123,Karlan Culpan,Professor,2025-02-08T09:47:08Z
acarthewbp@dion.ne.jp,password123,Annmarie Carthew,Associate Professor,2025-07-10T13:51:32Z
maxlebybq@dedecms.com,password123,Mona Axleby,Research Fellow,2025-06-30T00:22:33Z
wtreasadenbr@cyberchimps.com,password123,Wilhelmina Treasaden,Professor,2025-07-17T03:49:42Z
eglanderbs@theglobeandmail.com,password123,Ewen Glander,Research Fellow,2025-04-17T03:33:56Z
mgrestebt@wiley.com,password123,Morgan Greste,Dr.,2025-10-17T03:41:51Z
rlarcombebu@loc.gov,password123,Raimundo Larcombe,Lecturer,2025-06-07T13:33:11Z
bevershedbv@usa.gov,password123,Bealle Evershed,Research Fellow,2025-07-23T16:28:45Z
newellsbw@jugem.jp,password123,Nicki Ewells,Lecturer,2025-08-01T11:28:10Z
bsygrovesbx@hugedomains.com,password123,Biddie Sygroves,Research Fellow,2025-06-22T22:46:35Z
frockallby@earthlink.net,password123,Flo Rockall,Lecturer,2025-09-22T17:02:54Z
rspoerlbz@adobe.com,password123,Reinhard Spoerl,Associate Professor,2025-09-22T20:38:40Z
tmccriec0@about.me,password123,Trevar McCrie,Research Fellow,2025-03-14T16:52:51Z
kbarnishc1@usa.gov,password123,Katha Barnish,Associate Professor,2025-07-21T09:38:00Z
ntellingc2@rediff.com,password123,Natividad Telling,Associate Professor,2025-03-06T13:58:55Z
liannielloc3@about.com,password123,Leontyne Ianniello,Dr.,2025-03-25T01:58:22Z
mrogezc4@creativecommons.org,password123,Margalo Rogez,Dr.,2025-03-05T02:56:57Z
ccoalec5@goodreads.com,password123,Crosby Coale,Professor,2026-01-16T14:44:31Z
bmarymanc6@de.vu,password123,Berna Maryman,Professor,2025-06-13T17:53:07Z
amacnockaterc7@live.com,password123,Ally MacNockater,Professor,2026-01-09T02:02:21Z
dstitwellc8@jugem.jp,password123,Doris Stitwell,Associate Professor,2025-08-21T05:22:54Z
rbromfieldc9@uiuc.edu,password123,Ram Bromfield,Research Fellow,2025-02-24T11:50:38Z
gvasilischevca@boston.com,password123,Georgeta Vasilischev,,2025-10-29T09:10:15Z
irisencb@rambler.ru,password123,Isaac Risen,Professor,2025-08-01T23:28:22Z
aneamescc@ucoz.ru,password123,Armando Neames,Associate Professor,2025-12-29T10:40:50Z
iferraroncd@friendfeed.com,password123,Ilse Ferraron,Research Fellow,2026-01-28T21:27:38Z
lroskeillyce@cyberchimps.com,password123,Leeanne Roskeilly,Research Fellow,2025-02-23T18:25:36Z
mracciocf@blog.com,password123,Markos Raccio,Associate Professor,2025-04-05T21:41:24Z
bseilercg@lycos.com,password123,Bonnee Seiler,Dr.,2025-03-19T07:47:15Z
abodech@github.io,password123,Allene Bode,,2025-08-21T16:10:41Z
skingslyci@google.co.jp,password123,Sophie Kingsly,Professor,2025-10-21T04:11:05Z
pgudgioncj@imageshack.us,password123,Pippa Gudgion,Dr.,2025-02-15T01:35:15Z
jduffetck@unesco.org,password123,Jdavie Duffet,Professor,2026-01-20T22:21:22Z
cprettejohnscl@ocn.ne.jp,password123,Clayson Prettejohns,Professor,2025-04-15T01:38:44Z
pblaylockcm@dion.ne.jp,password123,Penni Blaylock,,2025-03-22T07:03:05Z
kdunningcn@soundcloud.com,password123,Kareem Dunning,Dr.,2025-11-04T13:11:13Z
mlavenderco@cmu.edu,password123,Millie Lavender,Associate Professor,2025-07-11T02:37:12Z
wfairbairncp@abc.net.au,password123,Weston Fairbairn,Associate Professor,2025-08-25T19:53:00Z
dertelcq@cdc.gov,password123,Diandra Ertel,Lecturer,2025-10-03T05:50:20Z
ymuscottcr@accuweather.com,password123,Ynes Muscott,Lecturer,2025-05-12T00:04:23Z
wplastercs@archive.org,password123,Waldo Plaster,Associate Professor,2025-04-07T21:28:53Z
mnortcliffect@reverbnation.com,password123,Marc Nortcliffe,Lecturer,
pdelgadillocu@ucoz.com,password123,Phillipp Delgadillo,Professor,2025-11-29T20:27:42Z
rhaggartcv@desdev.cn,password123,Roxane Haggart,Lecturer,2025-03-21T09:34:06Z
bbouldcw@marriott.com,password123,Bruce Bould,Dr.,2025-05-13T10:40:26Z
amacfallcx@zdnet.com,password123,Ashia MacFall,,2025-07-14T23:10:18Z
gabbettcy@wsj.com,password123,Giustino Abbett,Associate Professor,2025-07-07T15:12:43Z
rbuddellcz@washingtonpost.com,password123,Ravi Buddell,Lecturer,2025-07-02T11:52:06Z
jgeaneyd0@ycombinator.com,password123,Jules Geaney,Dr.,2025-11-17T23:37:43Z
wdrinkwaterd1@free.fr,password123,Wayland Drinkwater,Research Fellow,2025-10-11T16:05:21Z
rclohiseyd2@barnesandnoble.com,password123,Richy Clohisey,Lecturer,2025-07-25T02:23:42Z
sorrd3@github.io,password123,Shelia Orr,Lecturer,2025-02-22T14:51:13Z
otuberfieldd4@ebay.com,password123,Oates Tuberfield,Dr.,2025-08-26T10:53:02Z
wganingd5@ox.ac.uk,password123,Wendeline Ganing,Research Fellow,2025-09-24T01:35:34Z
bbrewertond6@wix.com,password123,Bobby Brewerton,Dr.,2025-05-13T23:21:04Z
nmcmurtyd7@va.gov,password123,Nicoli McMurty,Dr.,2025-03-21T19:25:18Z
twoolstond8@mediafire.com,password123,Tammi Woolston,Research Fellow,2025-06-16T16:28:22Z
ljanuszd9@bluehost.com,password123,Lilllie Janusz,Dr.,2026-01-05T06:17:26Z
rplesingda@census.gov,password123,Reine Plesing,Dr.,2025-12-04T12:02:09Z
gsambathdb@discuz.net,password123,Giraud Sambath,Associate Professor,2026-01-11T15:06:05Z
gmattosoffdc@last.fm,password123,Ganny Mattosoff,Professor,2025-05-02T16:31:32Z
lbulliventdd@vk.com,password123,Livy Bullivent,Associate Professor,2025-11-25T02:41:57Z
sbarfordde@ameblo.jp,password123,Salomon Barford,,2025-11-06T22:45:24Z
jburwooddf@marriott.com,password123,Jamey Burwood,Professor,2025-02-19T21:40:12Z
smaccrachendg@rambler.ru,password123,Sonnnie MacCrachen,Professor,2025-03-31T02:28:36Z
nallibanddh@jugem.jp,password123,Norrie Alliband,Research Fellow,2025-07-30T07:30:11Z
fplowsdi@wp.com,password123,Fan Plows,Associate Professor,2025-12-30T01:50:10Z
klevisdj@oracle.com,password123,Kevina Levis,Associate Professor,2025-02-04T19:43:42Z
gbarszczewskidk@cyberchimps.com,password123,Glynn Barszczewski,Research Fellow,2025-11-17T05:05:43Z
cloomesdl@jigsy.com,password123,Cherey Loomes,Dr.,2025-09-21T12:19:17Z
bbengledm@imgur.com,password123,Betti Bengle,Dr.,2025-06-11T23:24:40Z
mrussendn@youku.com,password123,Mathew Russen,Dr.,2025-03-19T06:06:10Z
ibalmadierdo@hubpages.com,password123,Inger Balmadier,Professor,2025-07-21T08:29:04Z
rlanferdp@ning.com,password123,Roobbie Lanfer,Dr.,2025-02-06T05:36:09Z
lsimoesdq@army.mil,password123,Lizette Simoes,Dr.,2025-10-17T07:51:43Z
lpasmoredr@mac.com,password123,Lotta Pasmore,Associate Professor,2025-03-15T11:49:46Z
nallettds@bandcamp.com,password123,Newton Allett,Research Fellow,2025-05-24T18:40:03Z
poakesdt@behance.net,password123,Patton Oakes,Associate Professor,2025-07-20T22:09:09Z
glesserdu@ucla.edu,password123,Galen Lesser,Professor,2025-02-10T09:05:45Z
vmussodv@arstechnica.com,password123,Vevay Musso,Associate Professor,2025-10-11T15:46:15Z
cnoirdw@sohu.com,password123,Carmel Noir,Lecturer,2026-01-06T16:24:17Z
spaschodx@odnoklassniki.ru,password123,Serene Pascho,Dr.,2026-01-17T06:05:13Z
cbondleydy@imageshack.us,password123,Culver Bondley,Associate Professor,2025-06-05T04:13:26Z
ncocksedgedz@youtube.com,password123,Noel Cocksedge,,2025-11-10T17:24:07Z
gchildese0@hc360.com,password123,Genny Childes,Research Fellow,2025-06-01T20:52:42Z
fortoe1@hexun.com,password123,Fifi Orto,Dr.,2025-10-08T09:54:44Z
nkrysztowczyke2@pagesperso-orange.fr,password123,Nevin Krysztowczyk,Professor,2025-07-18T12:54:59Z
schapellee3@topsy.com,password123,Sylas Chapelle,Lecturer,2025-12-23T00:31:42Z
scaugheye4@harvard.edu,password123,Staci Caughey,Associate Professor,2025-12-16T13:11:56Z
tskethe5@statcounter.com,password123,Thornton Sketh,Dr.,
wlukianoviche6@smugmug.com,password123,Willetta Lukianovich,Professor,2025-08-28T17:33:41Z
spentecuste7@joomla.org,password123,Sosanna Pentecust,Associate Professor,2025-12-11T13:30:38Z
cchapelhowe8@so-net.ne.jp,password123,Caresse Chapelhow,Professor,2025-11-16T00:52:21Z
abansteade9@cloudflare.com,password123,Artie Banstead,Dr.,2025-10-12T16:35:46Z
jdaiceea@vkontakte.ru,password123,Justinn Daice,Dr.,2025-10-26T10:11:22Z
cwilliameb@ebay.co.uk,password123,Caitlin William,Research Fellow,2025-04-25T14:01:45Z
kcuffec@ibm.com,password123,Kelbee Cuff,Dr.,2025-09-08T18:39:50Z
bfeeed@dion.ne.jp,password123,Bianca Fee,Lecturer,2025-10-06T19:55:56Z
cschwieree@statcounter.com,password123,Carce Schwier,Associate Professor,2025-12-04T23:34:50Z
fcoonihanef@friendfeed.com,password123,Fletcher Coonihan,,2025-07-25T17:11:39Z
ftrightoneg@nba.com,password123,Faunie Trighton,Dr.,2026-01-12T07:22:48Z
ebullinghameh@bbb.org,password123,Eugene Bullingham,Lecturer,2025-06-13T07:39:23Z
chyderei@biblegateway.com,password123,Candis Hyder,Associate Professor,2025-03-02T03:05:08Z
dterringtonej@github.com,password123,Delinda Terrington,Professor,2025-05-11T22:18:52Z
gautinek@sina.com.cn,password123,Georgy Autin,Professor,2025-07-20T11:27:54Z
jprandoniel@zdnet.com,password123,Jeana Prandoni,Dr.,2025-05-14T23:42:22Z
cnorreyem@list-manage.com,password123,Carver Norrey,Research Fellow,2025-11-20T20:22:05Z
mskiltonen@artisteer.com,password123,Melania Skilton,Research Fellow,2025-02-15T22:03:37Z
nchartreseo@is.gd,password123,Nancee Chartres,Lecturer,2026-01-27T21:38:31Z
ctaylderep@ebay.co.uk,password123,Currie Taylder,Professor,2025-12-27T15:41:23Z
slabdoneq@miitbeian.gov.cn,password123,Sarajane Labdon,Research Fellow,2025-08-03T00:15:05Z
gsimeonser@earthlink.net,password123,Gerianna Simeons,Dr.,2025-12-12T07:23:26Z
zborrottes@flickr.com,password123,Zeb Borrott,Dr.,2026-01-08T14:30:05Z
nvictoryet@noaa.gov,password123,Natka Victory,Dr.,2025-03-25T16:13:33Z
brosborougheu@tiny.cc,password123,Barron Rosborough,Lecturer,2025-05-22T22:11:15Z
smathelonev@linkedin.com,password123,Stevena Mathelon,Associate Professor,2025-11-07T03:37:40Z
cstonhouseew@bloglovin.com,password123,Cesar Stonhouse,Dr.,2025-03-31T09:00:22Z
elynessex@army.mil,password123,Edy Lyness,Research Fellow,2025-04-22T12:28:08Z
dmagwoodey@infoseek.co.jp,password123,Doug Magwood,Associate Professor,2025-12-18T16:12:41Z
aoboyez@nyu.edu,password123,Annissa Oboy,Lecturer,2025-02-22T02:31:51Z
jfitchellf0@spiegel.de,password123,Jerri Fitchell,Associate Professor,2025-05-15T06:01:02Z
lpencotf1@phpbb.com,password123,Ludovika Pencot,Dr.,2025-02-13T23:44:06Z
jlawlingf2@issuu.com,password123,Joelynn Lawling,Research Fellow,2025-02-08T08:10:12Z
ahalfheadf3@nifty.com,password123,Anastassia Halfhead,Research Fellow,2025-04-06T20:06:46Z
agavriellif4@cnet.com,password123,Alyosha Gavrielli,Professor,2025-11-05T07:13:48Z
qbrockleyf5@dot.gov,password123,Quentin Brockley,Research Fellow,2025-12-25T19:30:31Z
smcbratneyf6@china.com.cn,password123,Sephira McBratney,Dr.,2025-07-04T17:34:16Z
ypimlockf7@flavors.me,password123,Yolande Pimlock,Dr.,2025-04-29T18:12:38Z
tbrayshayf8@ucsd.edu,password123,Tommy Brayshay,Dr.,2026-01-16T00:04:14Z
tsangof9@mlb.com,password123,Thorndike Sango,Professor,2026-01-16T18:12:38Z
wsurcombefa@simplemachines.org,password123,Wrennie Surcombe,,2025-10-17T18:50:11Z
csteadmanfb@sfgate.com,password123,Corrie Steadman,Associate Professor,2025-09-19T00:03:47Z
lstephensonfc@umich.edu,password123,Lavinia Stephenson,Professor,2025-05-18T02:32:06Z
tshallcrossfd@hp.com,password123,Tarrance Shallcross,Lecturer,2025-10-28T04:24:53Z
acrowdfe@tamu.edu,password123,Ann-marie Crowd,Professor,2025-09-05T00:14:53Z
rthornewellff@desdev.cn,password123,Rosy Thornewell,Research Fellow,2025-11-04T18:34:05Z
cgaddesbyfg@hibu.com,password123,Cissiee Gaddesby,,2025-03-30T16:51:25Z
rgreeningfh@ask.com,password123,Rudyard Greening,Professor,2025-04-21T20:07:34Z
rhuddlefi@canalblog.com,password123,Rowe Huddle,Research Fellow,2025-05-17T21:17:11Z
rscullyfj@sun.com,password123,Randi Scully,Research Fellow,2026-01-04T16:06:53Z
jmabeyfk@flickr.com,password123,Joseito Mabey,Dr.,2025-06-07T15:27:40Z
eadamskyfl@cam.ac.uk,password123,Erny Adamsky,Research Fellow,2025-05-21T09:27:23Z
jlambornefm@dmoz.org,password123,Jillie Lamborne,Dr.,2025-05-25T15:32:03Z
gbarfffn@time.com,password123,Goldy Barff,Dr.,2026-01-02T02:41:23Z
bdalyfo@xinhuanet.com,password123,Brad Daly,Professor,2025-11-06T18:42:09Z
hcoursfp@merriam-webster.com,password123,Hi Cours,Research Fellow,2025-03-01T03:18:59Z
kmudlefq@businesswire.com,password123,Kimball Mudle,Research Fellow,2025-11-04T20:57:26Z
cwestallfr@archive.org,password123,Casar Westall,Professor,2025-03-09T16:14:14Z
shaugerfs@parallels.com,password123,Shane Hauger,Dr.,2025-04-24T06:20:35Z
ewhalebellyft@loc.gov,password123,Eddie Whalebelly,Research Fellow,2025-07-01T20:00:49Z
cfaillfu@parallels.com,password123,Celina Faill,Research Fellow,2025-05-26T15:12:02Z
lstandfieldfv@cbc.ca,password123,Leesa Standfield,Dr.,2026-01-17T14:35:05Z
fnollifw@newsvine.com,password123,Fran Nolli,Associate Professor,2025-03-30T09:22:40Z
smichelinfx@etsy.com,password123,Shaine Michelin,Professor,2025-12-31T10:03:21Z
lbookerfy@gov.uk,password123,Lia Booker,Lecturer,2025-09-17T11:37:30Z
dkerinsfz@hatena.ne.jp,password123,Dita Kerins,,2025-10-07T06:17:10Z
kmcveighg0@live.com,password123,Kathie McVeigh,Dr.,2025-08-09T03:01:21Z
dkinmondg1@merriam-webster.com,password123,Devonne Kinmond,Professor,2025-04-24T05:56:33Z
tmateg2@wikia.com,password123,Torey Mate,Lecturer,2025-02-08T20:15:10Z
meskrietg3@nymag.com,password123,Maddie Eskriet,Associate Professor,2025-04-02T19:27:00Z
cwaggeg4@oakley.com,password123,Codie Wagge,Dr.,2025-07-03T22:59:15Z
hclistg5@jalbum.net,password123,Hayward Clist,Lecturer,2025-07-16T14:09:38Z
gwortg6@latimes.com,password123,Gwyneth Wort,Associate Professor,2025-02-10T05:51:22Z
jdibeng7@huffingtonpost.com,password123,Joel Diben,Professor,2025-12-12T04:37:04Z
msummerscalesg8@spotify.com,password123,Maggi Summerscales,Associate Professor,2025-12-06T14:01:01Z
mfarmang9@mlb.com,password123,Morten Farman,Lecturer,2025-07-08T10:26:47Z
mtabererga@aboutads.info,password123,Meredith Taberer,,2025-12-03T08:07:09Z
rmccleodgb@cbc.ca,password123,Robinetta McCleod,Professor,2025-07-26T03:40:33Z
asouttargc@friendfeed.com,password123,Alic Souttar,,2025-10-24T16:05:07Z
wwalcotgd@umich.edu,password123,Warren Walcot,Associate Professor,2026-01-02T15:22:21Z
apohlingge@google.de,password123,Alford Pohling,Research Fellow,2025-04-21T06:28:31Z
pbeezegf@symantec.com,password123,Perry Beeze,Lecturer,
wdemkowiczgg@techcrunch.com,password123,Wilbur Demkowicz,Lecturer,2026-01-01T04:40:19Z
lattridegh@phpbb.com,password123,Leona Attride,Research Fellow,2025-04-13T20:42:34Z
gdrydengi@vimeo.com,password123,Grethel Dryden,Associate Professor,2025-08-12T05:56:47Z
aloftygj@dailymail.co.uk,password123,Asa Lofty,Lecturer,2025-11-24T19:23:08Z
lwindusgk@geocities.com,password123,Louisa Windus,Associate Professor,2025-10-12T15:58:40Z
estickingsgl@indiegogo.com,password123,Eugene Stickings,Professor,2025-12-12T11:39:42Z
cstorrockgm@naver.com,password123,Ches Storrock,Lecturer,2025-02-16T17:46:15Z
sguerreaugn@topsy.com,password123,Steven Guerreau,Lecturer,2025-06-11T05:58:28Z
hsibbego@bing.com,password123,Horace Sibbe,,2025-07-23T09:54:51Z
ethorneleygp@yellowpages.com,password123,Emlynn Thorneley,Lecturer,2025-06-14T17:31:55Z
hcarnamangq@about.me,password123,Henryetta Carnaman,Dr.,2025-05-09T05:18:48Z
eneissengr@statcounter.com,password123,Elissa Neissen,Professor,2025-04-29T04:34:14Z
lburnetgs@mapy.cz,password123,Lara Burnet,,2025-09-30T06:25:35Z
gbasillongt@pagesperso-orange.fr,password123,Gigi Basillon,Associate Professor,2025-08-24T15:15:41Z
astummeyergu@nps.gov,password123,Amandi Stummeyer,Lecturer,2026-01-04T22:31:59Z
nmebesgv@cdbaby.com,password123,Neville Mebes,,2025-11-12T15:34:41Z
afetherstongw@networkadvertising.org,password123,Amalle Fetherston,Lecturer,2025-12-06T11:17:40Z
sodowdgx@dell.com,password123,Sullivan O'Dowd,Dr.,2025-07-16T23:32:31Z
mpankhurstgy@engadget.com,password123,Mollee Pankhurst.,Lecturer,2025-07-24T06:51:27Z
lguerrierogz@webeden.co.uk,password123,Leda Guerriero,Lecturer,2025-10-13T20:34:38Z
aspenslyh0@nba.com,password123,Alvan Spensly,Lecturer,2025-11-08T04:32:31Z
bricioppoh1@comcast.net,password123,Boone Ricioppo,Professor,2025-12-19T06:49:09Z
bdikh2@goodreads.com,password123,Beaufort Dik,Professor,
kbawdenh3@blog.com,password123,Kristi Bawden,Dr.,2025-11-11T08:10:19Z
rabelwhiteh4@parallels.com,password123,Robenia Abelwhite,Dr.,2025-07-04T14:18:25Z
lchastelainh5@state.gov,password123,Leonelle Chastelain,Professor,2025-08-30T16:54:16Z
ctyhursth6@google.com.br,password123,Carry Tyhurst,Research Fellow,2025-09-28T20:38:48Z
tskipph7@dropbox.com,password123,Ty Skipp,Dr.,2025-03-17T09:16:01Z
sbremondh8@cocolog-nifty.com,password123,Sigismund Bremond,Research Fellow,2025-07-24T08:46:30Z
aschuckh9@mlb.com,password123,Abran Schuck,Research Fellow,2025-12-09T12:09:29Z
zhantonha@google.de,password123,Zulema Hanton,Dr.,2025-03-22T10:05:53Z
elaprehb@gnu.org,password123,Emmalynn Lapre,Dr.,2025-06-25T20:33:34Z
kgowhc@alexa.com,password123,Kirbie Gow,Research Fellow,2025-10-12T18:20:52Z
esiseyhd@scribd.com,password123,Elisabeth Sisey,Dr.,2025-04-09T22:14:30Z
alippiellohe@bbb.org,password123,Ardenia Lippiello,Professor,2025-04-05T08:41:22Z
sfeethamhf@flickr.com,password123,Shanan Feetham,Associate Professor,2025-11-15T09:20:21Z
jarmsbyhg@bandcamp.com,password123,Joanie Armsby,Research Fellow,2026-01-27T16:26:02Z
thanselhh@cargocollective.com,password123,Troy Hansel,Dr.,2025-11-13T22:14:27Z
ctodhunterhi@shop-pro.jp,password123,Calida Todhunter,Professor,2025-05-27T09:21:47Z
kwigfieldhj@joomla.org,password123,Kimmi Wigfield,Research Fellow,2025-10-27T01:26:00Z
amacnamarahk@usnews.com,password123,Ashely MacNamara,Associate Professor,2025-07-18T00:52:49Z
arenggerhl@icio.us,password123,Arden Rengger,Associate Professor,2025-04-02T22:22:58Z
grannaldhm@ft.com,password123,Gayler Rannald,Associate Professor,2026-01-19T20:36:37Z
bhutchencehn@exblog.jp,password123,Booth Hutchence,Professor,2025-12-08T13:45:19Z
manthonsenho@wufoo.com,password123,Marin Anthonsen,Dr.,
cshopcotthp@sourceforge.net,password123,Catina Shopcott,Research Fellow,2025-05-24T01:51:05Z
erowneyhq@fotki.com,password123,Eolanda Rowney,Associate Professor,2025-10-21T02:19:13Z
dblainehr@blinklist.com,password123,Dawna Blaine,Dr.,2025-12-26T23:26:23Z
jlichfieldhs@foxnews.com,password123,Jerrylee Lichfield,Lecturer,2025-11-13T20:56:46Z
lgrammerht@miibeian.gov.cn,password123,Lavinia Grammer,Lecturer,2025-09-07T21:03:09Z
ggeranthu@ning.com,password123,Gustavo Gerant,Professor,2026-01-13T10:14:17Z
harmytagehv@ted.com,password123,Hilary Armytage,Research Fellow,2025-08-21T03:12:48Z
kradmerhw@elpais.com,password123,Konstantin Radmer,Professor,2025-08-17T02:23:36Z
dnervalhx@ft.com,password123,Der Nerval,Lecturer,2025-05-31T19:06:42Z
tbowskillhy@wordpress.com,password123,Tucker Bowskill,Lecturer,2025-03-27T22:39:43Z
jcolviehz@1und1.de,password123,Jase Colvie,Research Fellow,2025-08-19T15:14:58Z
mscinii0@theguardian.com,password123,Morgen Scini,Dr.,2025-11-27T03:18:59Z
hmorleyi1@networksolutions.com,password123,Harp Morley,Dr.,2025-06-10T03:02:23Z
awreighti2@cafepress.com,password123,Ardenia Wreight,Dr.,2025-12-03T10:18:49Z
akubisi3@cpanel.net,password123,Aldous Kubis,Dr.,2025-05-06T22:18:24Z
gmorriartyi4@theguardian.com,password123,Gerard Morriarty,Lecturer,2025-08-13T11:41:00Z
pmcisaaci5@com.com,password123,Peyton McIsaac,Associate Professor,2025-03-08T07:03:09Z
ejarratti6@sourceforge.net,password123,Elden Jarratt,,2025-06-07T10:31:28Z
ssteeplesi7@sina.com.cn,password123,Stefanie Steeples,Research Fellow,2025-12-19T05:06:18Z
mhabberjami8@desdev.cn,password123,Morlee Habberjam,,2025-05-17T20:53:12Z
jhawtini9@imageshack.us,password123,Jaquenette Hawtin,,2025-09-06T16:55:02Z
apatmoreia@bravesites.com,password123,Arman Patmore,Associate Professor,2025-05-10T21:11:13Z
tdanilevichib@google.es,password123,Theda Danilevich,Dr.,2025-07-10T13:12:40Z
pgayloric@deliciousdays.com,password123,Pancho Gaylor,Research Fellow,2025-05-05T09:47:22Z
fwavishid@elpais.com,password123,Freedman Wavish,Associate Professor,2025-07-10T19:09:08Z
klathamie@sphinn.com,password123,Kaycee Latham,Associate Professor,2025-12-04T18:44:35Z
jgodlyif@google.com.br,password123,Jewell Godly,Research Fellow,2025-07-16T00:54:19Z
cmacconachyig@china.com.cn,password123,Chaddie Macconachy,Associate Professor,2026-01-01T08:57:56Z
geldredih@altervista.org,password123,Gwen Eldred,Dr.,2025-11-07T17:26:33Z
aperrotii@surveymonkey.com,password123,Arlin Perrot,Research Fellow,2025-09-07T21:22:02Z
gpentecostij@dmoz.org,password123,Gregoor Pentecost,Professor,2025-04-03T13:40:41Z
mvarneik@java.com,password123,Malory Varne,Professor,2025-10-10T13:15:38Z
vbyrdil@cmu.edu,password123,Vic Byrd,Lecturer,2025-09-25T01:51:27Z
amonneryim@plala.or.jp,password123,Alexandros Monnery,Lecturer,2025-02-27T03:14:06Z
rgibbardin@addthis.com,password123,Robinia Gibbard,Dr.,2025-05-14T18:19:50Z
cschlagio@baidu.com,password123,Cyndia Schlag,Professor,2025-08-24T21:22:43Z
shedworthip@usda.gov,password123,Stevie Hedworth,Lecturer,2025-08-18T12:08:23Z
nbacksiq@over-blog.com,password123,Nichol Backs,Dr.,
odawidowitzir@blinklist.com,password123,Oliviero Dawidowitz,Lecturer,2025-11-19T03:32:14Z
icrippesis@chronoengine.com,password123,Irwinn Crippes,Research Fellow,
dfairlieit@blog.com,password123,Deanna Fairlie,Associate Professor,
ndubbleiu@alibaba.com,password123,Nancy Dubble,,2025-05-30T04:29:53Z
tcorroyeriv@edublogs.org,password123,Tadeas Corroyer,Dr.,
nfitzjohniw@livejournal.com,password123,Nessy Fitzjohn,Associate Professor,
rponteix@yelp.com,password123,Rube Ponte,Lecturer,2025-07-02T21:51:47Z
lsparroweiy@mac.com,password123,Loydie Sparrowe,,
ldagwelliz@fema.gov,password123,Lynnet Dagwell,Associate Professor,2025-12-30T12:37:29Z
bcooneyj0@ustream.tv,password123,Bridget Cooney,,2026-01-14T16:48:13Z
ecremenj1@shop-pro.jp,password123,Eda Cremen,Research Fellow,2025-05-25T18:47:51Z
gsherlandj2@examiner.com,password123,Garry Sherland,Lecturer,2025-06-06T00:47:26Z
lmcj3@youku.com,password123,Leland Mc Comb,Lecturer,2025-02-13T10:18:16Z
rallsupj4@linkedin.com,password123,Riane Allsup,Lecturer,2025-09-10T00:34:00Z
aohrtj5@twitter.com,password123,Allin Ohrt,Associate Professor,2025-11-12T19:18:12Z
cbattmanj6@prlog.org,password123,Celia Battman,Lecturer,2025-12-13T22:21:22Z
vfreynej7@shinystat.com,password123,Vinnie Freyne,,2025-03-30T10:00:51Z
bcotterillj8@unc.edu,password123,Brenden Cotterill,Lecturer,2025-11-28T06:22:52Z
pbeinkej9@networksolutions.com,password123,Parker Beinke,Associate Professor,2025-12-12T19:56:43Z
wclardgeja@soup.io,password123,Wrennie Clardge,Associate Professor,
cguyersjb@seattletimes.com,password123,Cosme Guyers,,2025-08-18T18:13:55Z
slochheadjc@live.com,password123,Salem Lochhead,Lecturer,2025-10-14T04:56:49Z
afeaverjd@about.com,password123,Abie Feaver,Lecturer,2025-07-17T10:47:58Z
tguerrazzije@mtv.com,password123,Tully Guerrazzi,,2025-07-14T12:49:16Z
akieransjf@nps.gov,password123,Alphonso Kierans,Research Fellow,2026-01-11T17:33:53Z
siglesiajg@latimes.com,password123,Silvain Iglesia,Lecturer,2025-06-15T18:15:24Z
sspencleyjh@rediff.com,password123,Steffen Spencley,Associate Professor,2025-12-10T05:20:35Z
cdunkleyji@liveinternet.ru,password123,Cecil Dunkley,Research Fellow,2025-12-01T16:56:36Z
havrahamofjj@tripod.com,password123,Hillary Avrahamof,Associate Professor,2025-07-08T04:19:03Z
ezuenellijk@freewebs.com,password123,Elicia Zuenelli,Dr.,2025-10-12T20:58:57Z
mnurdinjl@nifty.com,password123,Margaret Nurdin,Dr.,2025-08-09T13:09:13Z
eguymerjm@photobucket.com,password123,Emmye Guymer,Lecturer,2025-02-11T00:45:10Z
cspohrjn@networksolutions.com,password123,Cherida Spohr,Professor,2026-01-19T07:25:47Z
mmacgounjo@slashdot.org,password123,Moritz MacGoun,Professor,2025-08-13T04:23:28Z
asnedkerjp@latimes.com,password123,Angelle Snedker,Dr.,2025-09-02T09:41:46Z
smacauleyjq@ask.com,password123,Sal Macauley,Associate Professor,2025-10-06T10:14:49Z
pharronjr@arstechnica.com,password123,Penelopa Harron,,
bcubbinjs@wired.com,password123,Betteann Cubbin,Professor,2025-07-12T16:16:14Z
rsoutarjt@prlog.org,password123,Rhody Soutar,Dr.,2025-11-02T07:17:42Z
arathborneju@smh.com.au,password123,Amandi Rathborne,Professor,2025-02-18T21:21:18Z
jbaildonjv@economist.com,password123,Jordana Baildon,Research Fellow,2026-01-04T11:19:24Z
ajaunceyjw@behance.net,password123,Aharon Jauncey,,2025-05-09T11:45:05Z
jmckennanjx@netscape.com,password123,Josey McKennan,Research Fellow,2025-04-22T15:08:03Z
rdaverenjy@sogou.com,password123,Rowney Daveren,Dr.,2025-10-11T13:03:22Z
ldunnicojz@comsenz.com,password123,Leland Dunnico,Dr.,2025-08-27T10:07:08Z
mdobinsonk0@ameblo.jp,password123,Marchelle Dobinson,,2025-08-11T21:37:56Z
mmullallyk1@deliciousdays.com,password123,Missie Mullally,Dr.,2025-02-11T17:38:35Z
ckellk2@seesaa.net,password123,Ced Kell,,2025-12-28T07:19:58Z
kdraynk3@eepurl.com,password123,Kandy Drayn,Research Fellow,2025-09-15T03:23:35Z
dwebbek4@elegantthemes.com,password123,Damiano Webbe,Associate Professor,2025-11-24T05:37:08Z
tlosemannk5@istockphoto.com,password123,Therese Losemann,,2025-10-04T15:45:34Z
rjaskowiczk6@ft.com,password123,Rolph Jaskowicz,Lecturer,2025-08-17T18:06:16Z
gpointink7@ucsd.edu,password123,Giustina Pointin,Dr.,2025-10-14T06:06:20Z
ltorbettk8@sakura.ne.jp,password123,Lavena Torbett,Associate Professor,2025-11-05T11:05:12Z
rcourteneyk9@netvibes.com,password123,Raddie Courteney,Professor,2025-10-16T18:49:43Z
vraymanka@mashable.com,password123,Vinny Rayman,Professor,2025-10-31T11:13:49Z
estaytkb@photobucket.com,password123,Edgardo Stayt,Research Fellow,2026-01-25T08:54:28Z
hshanekc@lulu.com,password123,Horatius Shane,Lecturer,2025-05-18T08:50:41Z
labreheartkd@foxnews.com,password123,Lennard Abreheart,Lecturer,2025-08-15T18:16:47Z
jcastelluzzike@bandcamp.com,password123,Jenelle Castelluzzi,Dr.,
pburkittkf@yolasite.com,password123,Prissie Burkitt,Dr.,2025-10-08T07:52:27Z
aeustanchkg@unc.edu,password123,Ange Eustanch,Research Fellow,2025-12-29T09:45:35Z
mkennhamkh@upenn.edu,password123,Madlin Kennham,Associate Professor,2025-04-01T23:44:13Z
wmogridgeki@nifty.com,password123,Wye Mogridge,Research Fellow,2025-11-16T08:27:01Z
vseawrightkj@go.com,password123,Vinni Seawright,Associate Professor,2025-03-16T01:35:22Z
hpierrepointkk@amazon.com,password123,Hally Pierrepoint,Associate Professor,2025-09-06T05:51:51Z
rbampkinkl@google.pl,password123,Rudie Bampkin,Lecturer,2025-04-21T12:51:42Z
oboyerkm@comcast.net,password123,Ofella Boyer,Associate Professor,2025-05-16T09:05:52Z
escudkn@google.ru,password123,Ephrem Scud,Lecturer,2025-04-11T23:36:42Z
hlemmanbieko@netlog.com,password123,Hewett Lemmanbie,Dr.,2025-07-11T18:16:05Z
mpinfoldkp@mozilla.org,password123,Mitzi Pinfold,Associate Professor,2025-11-28T14:17:12Z
bpizeykq@infoseek.co.jp,password123,Bentley Pizey,Lecturer,2025-04-27T00:57:22Z
frussikr@army.mil,password123,Fairleigh Russi,Associate Professor,2026-01-12T18:13:11Z
hseearks@springer.com,password123,Helene Seear,Research Fellow,2025-09-04T13:42:45Z
lmeinkt@wiley.com,password123,Lammond Mein,Lecturer,2025-05-14T15:36:04Z
jpietznerku@economist.com,password123,Judd Pietzner,Lecturer,2025-09-26T08:38:33Z
hverryankv@nsw.gov.au,password123,Halie Verryan,Lecturer,2025-04-03T12:49:35Z
jfonzonekw@gravatar.com,password123,Jamie Fonzone,Professor,2026-01-05T07:54:41Z
kcollingwoodkx@hao123.com,password123,Kessia Collingwood,Lecturer,2025-02-16T01:18:17Z
ecopoky@phoca.cz,password123,Ervin Copo,,2025-08-30T13:46:15Z
acrichtenkz@a8.net,password123,Alexandro Crichten,Research Fellow,2025-12-18T15:08:19Z
alaunderl0@pbs.org,password123,Amelina Launder,Associate Professor,2025-10-31T08:19:37Z
yparminterl1@alexa.com,password123,Yorker Parminter,Associate Professor,2025-09-10T22:04:46Z
dnapperl2@house.gov,password123,Duky Napper,Associate Professor,2026-02-02T13:25:10Z
mphilpinl3@ocn.ne.jp,password123,Mohandis Philpin,Lecturer,2026-01-19T02:12:48Z
glanktreel4@unesco.org,password123,Garnet Lanktree,Professor,2025-11-16T13:31:01Z
lpinhornl5@wordpress.com,password123,Lizabeth Pinhorn,Research Fellow,2026-01-30T02:26:57Z
kromanettil6@chicagotribune.com,password123,Kari Romanetti,Lecturer,2025-11-24T21:57:23Z
gspellesyl7@twitter.com,password123,Grantham Spellesy,Research Fellow,2025-06-01T17:39:00Z
oreignardl8@clickbank.net,password123,Olga Reignard,Research Fellow,2025-08-10T04:08:35Z
vlovel9@google.co.uk,password123,Vin Love,,2025-09-09T23:42:21Z
obynela@usnews.com,password123,Octavia Byne,Associate Professor,2025-11-25T08:39:31Z
kadamolilb@globo.com,password123,Kelsey Adamoli,,2025-03-04T10:22:50Z
bkordtlc@networksolutions.com,password123,Brenn Kordt,Associate Professor,2025-12-19T19:12:01Z
irummingsld@google.it,password123,Irving Rummings,Associate Professor,2025-08-06T05:00:40Z
iewerle@rakuten.co.jp,password123,Isadora Ewer,Research Fellow,2025-08-22T20:34:43Z
habdonlf@zimbio.com,password123,Hilary Abdon,Dr.,2025-03-06T04:50:49Z
mgeneverlg@mtv.com,password123,Michaela Genever,,2025-11-10T11:28:08Z
fseargeantlh@wisc.edu,password123,Fergus Seargeant,Professor,2025-08-13T21:52:08Z
swithamli@disqus.com,password123,Sherlocke Witham,Associate Professor,2025-11-18T06:15:33Z
asalatinolj@hexun.com,password123,Aurora Salatino,Associate Professor,2025-07-21T17:02:29Z
scollissonlk@ca.gov,password123,Shepard Collisson,Associate Professor,2025-10-26T04:53:50Z
bkarelll@nhs.uk,password123,Blondy Karel,Lecturer,2025-11-18T13:08:36Z
hwrathalllm@hud.gov,password123,Hadria Wrathall,Associate Professor,2025-10-04T16:46:29Z
cfairecloughln@1und1.de,password123,Caril Faireclough,Professor,2025-10-06T08:04:54Z
gjeunelo@webeden.co.uk,password123,Garald Jeune,,2025-02-28T02:04:14Z
dfransemailp@japanpost.jp,password123,Darren Fransemai,,2025-10-02T05:48:43Z
jpeglerlq@constantcontact.com,password123,Joshua Pegler,Lecturer,
ocordeylr@timesonline.co.uk,password123,Odell Cordey,Lecturer,2025-08-29T02:19:36Z
mblaksleyls@t-online.de,password123,Magda Blaksley,Professor,2025-12-05T20:29:33Z
alaiselt@a8.net,password123,Adrian Laise,Lecturer,2025-10-01T10:01:34Z
nambrosiolu@sun.com,password123,Noreen Ambrosio,Dr.,2025-12-19T04:44:16Z
wbrickhilllv@vkontakte.ru,password123,Waverley Brickhill,Lecturer,2025-10-31T00:57:01Z
ngregoirelw@bravesites.com,password123,Neill Gregoire,Associate Professor,2025-03-15T12:58:43Z
sassaflx@aboutads.info,password123,Sheba Assaf,Professor,2025-10-17T22:04:34Z
gneumannly@narod.ru,password123,Gradey Neumann,Professor,2025-06-10T07:43:16Z
kdomenicilz@miitbeian.gov.cn,password123,Kissee Domenici,Professor,2025-06-20T14:39:40Z
bgrigollim0@sphinn.com,password123,Bart Grigolli,Lecturer,2025-11-24T10:06:04Z
cwozencraftm1@diigo.com,password123,Chrisse Wozencraft,Dr.,2025-02-14T21:48:35Z
arobbeym2@alibaba.com,password123,Anabella Robbey,Associate Professor,2025-04-20T03:18:51Z
eschurichtm3@mayoclinic.com,password123,Engracia Schuricht,Professor,2025-08-14T00:08:17Z
mpurtonm4@wordpress.org,password123,Molli Purton,Professor,2025-10-07T11:23:47Z
lcuddonm5@ycombinator.com,password123,Lindi Cuddon,Dr.,2025-11-06T11:10:29Z
ghullettm6@vimeo.com,password123,Gav Hullett,Professor,2025-07-22T06:47:56Z
cwoofm7@squarespace.com,password123,Chrissie Woof,,2025-07-21T03:54:38Z
prosenzveigm8@geocities.jp,password123,Peggie Rosenzveig,Lecturer,2025-05-05T00:39:30Z
alascellm9@omniture.com,password123,Adriana Lascell,Associate Professor,2025-09-09T21:45:16Z
tcharloma@cyberchimps.com,password123,Tracy Charlo,Dr.,2025-11-17T22:46:29Z
mcorderomb@eepurl.com,password123,Milly Cordero,,2025-04-22T02:14:29Z
mspeeksmc@berkeley.edu,password123,Milty Speeks,Dr.,
dgrievsonmd@alibaba.com,password123,Dill Grievson,Professor,2025-12-29T14:44:50Z
twoolfme@symantec.com,password123,Tabor Woolf,Dr.,2025-04-18T02:27:11Z
btrembathmf@alexa.com,password123,Briant Trembath,Research Fellow,2025-05-14T17:12:44Z
etrehearnmg@wired.com,password123,Ester Trehearn,Lecturer,2025-07-22T12:37:37Z
eisaacsmh@indiegogo.com,password123,Eberhard Isaacs,Research Fellow,2025-06-21T00:16:55Z
cpinkardmi@shinystat.com,password123,Cassi Pinkard,,
shalegarthmj@netscape.com,password123,Standford Halegarth,,2025-10-22T11:36:58Z
kilievemk@skype.com,password123,Kliment Ilieve,Lecturer,2025-11-15T06:49:13Z
iantoniml@instagram.com,password123,Iormina Antoni,Research Fellow,2025-10-25T22:27:38Z
fcockellmm@storify.com,password123,Felecia Cockell,Professor,2025-05-07T13:34:12Z
pgunthermn@fda.gov,password123,Preston Gunther,Associate Professor,
jhurndallmo@utexas.edu,password123,Jandy Hurndall,,2025-06-12T00:58:43Z
qjeyesmp@google.com,password123,Quintana Jeyes,Research Fellow,2025-08-24T04:31:21Z
poldacresmq@usda.gov,password123,Pauletta Oldacres,Associate Professor,2025-11-01T02:36:20Z
wdreusmr@de.vu,password123,Weston Dreus,Dr.,2026-01-11T23:21:06Z
ccolganms@w3.org,password123,Chester Colgan,Lecturer,2025-04-15T05:26:19Z
lcardinalmt@bandcamp.com,password123,Leena Cardinal,Dr.,2025-06-30T06:05:39Z
gupcraftmu@domainmarket.com,password123,Graig Upcraft,Professor,2025-04-14T03:28:40Z
rvonmv@google.es,password123,Rooney Von Salzberg,Lecturer,2025-10-07T16:17:51Z
dbecceramw@theatlantic.com,password123,Decca Beccera,Lecturer,2025-07-04T08:22:13Z
tolohanmx@jigsy.com,password123,Tanitansy Olohan,Associate Professor,2025-04-14T01:21:59Z
hlowersonmy@1und1.de,password123,Hube Lowerson,Professor,2025-10-11T01:16:35Z
mryallmz@sakura.ne.jp,password123,Maiga Ryall,Lecturer,2025-07-15T08:56:22Z
adayleyn0@prweb.com,password123,Agatha Dayley,Lecturer,2025-04-10T17:36:07Z
rmirfinn1@salon.com,password123,Ricki Mirfin,Professor,2026-01-21T11:17:31Z
djouhann2@gmpg.org,password123,Dell Jouhan,,2025-10-23T02:08:05Z
tickovicn3@bloglines.com,password123,Terri Ickovic,Lecturer,2025-07-06T02:43:54Z
hlowern4@arstechnica.com,password123,Hermann Lower,Associate Professor,
aregorzn5@cdc.gov,password123,Alina Regorz,Lecturer,2025-10-05T05:26:00Z
gdin6@state.tx.us,password123,Garey Di Biagi,Lecturer,2025-12-14T23:17:18Z
afishleyn7@nbcnews.com,password123,Akim Fishley,Professor,2025-11-28T11:04:04Z
scircuittn8@ox.ac.uk,password123,Sonni Circuitt,Associate Professor,2025-07-30T13:45:58Z
keastopn9@jiathis.com,password123,Kelly Eastop,Research Fellow,2026-01-07T08:34:38Z
craimentna@dailymail.co.uk,password123,Cheston Raiment,Lecturer,2025-08-14T01:34:14Z
atalkingtonnb@jalbum.net,password123,Audrey Talkington,Associate Professor,2025-10-27T05:03:40Z
lcottync@cocolog-nifty.com,password123,Letty Cotty,Lecturer,2025-11-10T03:29:01Z
jannnd@tinypic.com,password123,Jo ann Ciobotaro,Associate Professor,
csinsonne@so-net.ne.jp,password123,Cirillo Sinson,Research Fellow,2025-07-16T11:04:25Z
jmallionnf@usnews.com,password123,Jeremias Mallion,Research Fellow,2025-07-05T01:54:31Z
kbelseyng@huffingtonpost.com,password123,Karon Belsey,Dr.,2025-02-27T09:45:35Z
mbollinnh@census.gov,password123,Maggie Bollin,,2025-12-05T02:12:46Z
lborresni@sina.com.cn,password123,Lisa Borres,Lecturer,2025-11-08T13:02:05Z
wriddelnj@imdb.com,password123,Willa Riddel,Research Fellow,2026-01-09T06:39:47Z
aalwaynk@dell.com,password123,Ardella Alway,,2025-07-09T11:11:35Z
rpoundsfordnl@pcworld.com,password123,Rooney Poundsford,Research Fellow,
ddallmannnm@noaa.gov,password123,Donna Dallmann,Dr.,2026-02-02T20:50:57Z
ratlaynn@webeden.co.uk,password123,Rosalinde Atlay,Professor,2025-12-27T14:31:32Z
dalfordno@army.mil,password123,Daffi Alford,Research Fellow,2025-03-08T13:46:42Z
fverringnp@cbc.ca,password123,Francisco Verring,Professor,2025-09-30T15:57:51Z
zskingleynq@wsj.com,password123,Zora Skingley,Lecturer,2025-08-14T23:53:06Z
dsankeynr@fotki.com,password123,Davidson Sankey,,2025-06-03T22:06:16Z
kslymanns@studiopress.com,password123,Karim Slyman,Dr.,2026-01-06T13:51:20Z
vadawaynt@amazon.com,password123,Vivyan Adaway,Professor,2025-07-19T07:57:03Z
lfulepnu@wisc.edu,password123,Lemmy Fulep,Associate Professor,2026-01-01T12:47:58Z
mseckernv@weather.com,password123,Mackenzie Secker,Dr.,2025-06-11T04:10:45Z
gthuilliernw@amazonaws.com,password123,Godfrey Thuillier,Dr.,2025-08-14T01:28:56Z
rgarwoodnx@shinystat.com,password123,Roselle Garwood,Dr.,2025-09-12T14:25:56Z
gjennony@webmd.com,password123,Goldarina Jenno,Lecturer,2025-09-29T13:06:48Z
bchadbandnz@bluehost.com,password123,Barbee Chadband,Associate Professor,2025-11-19T07:24:31Z
bthorbono0@huffingtonpost.com,password123,Burty Thorbon,Research Fellow,2025-11-26T17:52:12Z
rrivallando1@ehow.com,password123,Reginauld Rivalland,Lecturer,2025-09-01T20:34:29Z
folorenshawo2@cisco.com,password123,Friederike Olorenshaw,Research Fellow,2025-10-14T12:09:24Z
cbrychano3@amazonaws.com,password123,Curt Brychan,Dr.,2025-10-18T20:44:05Z
mcragheado4@umn.edu,password123,Madelle Craghead,Lecturer,2025-04-28T03:13:16Z
bconnero5@tripod.com,password123,Bartlet Conner,Lecturer,2025-08-26T10:48:37Z
fsperao6@jugem.jp,password123,Frannie Spera,Lecturer,2025-11-25T23:38:48Z
llounto7@taobao.com,password123,Lucas Lount,Associate Professor,2025-09-28T13:12:11Z
fhalladayo8@icq.com,password123,Frances Halladay,,2026-01-19T07:28:07Z
smckeono9@digg.com,password123,Smitty McKeon,Associate Professor,2025-04-11T07:52:42Z
swillstropoa@behance.net,password123,Silva Willstrop,Professor,2026-01-08T17:40:08Z
ibonnettob@google.com.hk,password123,Inna Bonnett,,2025-08-07T05:45:37Z
thapperoc@tripadvisor.com,password123,Terrel Happer,Associate Professor,2025-10-05T15:09:24Z
amelburgod@scientificamerican.com,password123,Annis Melburg,Dr.,2025-05-17T18:13:55Z
msandellsoe@theatlantic.com,password123,Milli Sandells,Lecturer,2025-11-03T13:19:31Z
icarrolof@digg.com,password123,Isadore Carrol,Associate Professor,2025-03-15T20:06:41Z
dfigureog@w3.org,password123,Darrell Figure,Research Fellow,2026-01-10T06:45:12Z
tmontillaoh@lycos.com,password123,Tammy Montilla,Dr.,2025-03-15T03:58:36Z
iferrillooi@zimbio.com,password123,Izabel Ferrillo,Research Fellow,2025-11-10T18:30:10Z
zdomenicioj@berkeley.edu,password123,Zabrina Domenici,Dr.,2025-04-09T09:42:57Z
mgreenroydok@princeton.edu,password123,Man Greenroyd,Professor,2025-09-21T10:39:12Z
mdudsonol@people.com.cn,password123,Maisey Dudson,Associate Professor,
kmeliorom@theguardian.com,password123,Katrinka Melior,Associate Professor,2025-06-10T17:43:11Z
tstanmeron@is.gd,password123,Tessi Stanmer,Associate Professor,2025-04-29T03:44:50Z
fkleinlereroo@topsy.com,password123,Florina Kleinlerer,Dr.,2025-11-01T21:04:28Z
thatchmanop@blogtalkradio.com,password123,Tracie Hatchman,,2025-10-29T19:01:46Z
cebbottsoq@moonfruit.com,password123,Chaim Ebbotts,Research Fellow,2025-07-11T19:25:24Z
selijahor@freewebs.com,password123,Shaughn Elijah,Research Fellow,2025-10-28T02:08:56Z
nkabosos@hhs.gov,password123,Ninnette Kabos,Dr.,2025-08-09T21:48:49Z
scalveyot@skyrock.com,password123,Storm Calvey,Research Fellow,2025-10-21T21:54:36Z
jmullerou@google.ru,password123,Jeannie Muller,Research Fellow,2025-09-06T02:25:57Z
sdeelyov@rediff.com,password123,Stanly Deely,Research Fellow,2025-10-02T08:39:48Z
tgrestyow@geocities.com,password123,Tannie Gresty,Lecturer,2025-11-27T08:17:57Z
mmetheringhamox@unc.edu,password123,Marilin Metheringham,,2025-02-21T16:55:23Z
npiscopooy@networkadvertising.org,password123,Nara Piscopo,Lecturer,2025-08-11T17:43:16Z
mackrilloz@gizmodo.com,password123,Marcello Ackrill,Associate Professor,2025-02-10T06:50:28Z
tpaschop0@amazon.de,password123,Tibold Pascho,Lecturer,2025-03-04T01:25:58Z
erappportp1@google.fr,password123,Elena Rappport,Professor,2025-06-20T09:42:48Z
biddisonp2@abc.net.au,password123,Brand Iddison,Professor,2025-11-19T12:46:19Z
nallchinp3@bluehost.com,password123,Nanette Allchin,Professor,2025-06-03T23:52:46Z
ddelmagep4@fda.gov,password123,Dawna Delmage,Professor,2025-09-01T05:16:52Z
osilvermannp5@tripadvisor.com,password123,Olivier Silvermann,Dr.,2025-11-17T03:46:13Z
jrichardinp6@uol.com.br,password123,Jorry Richardin,Research Fellow,2025-08-14T15:00:52Z
mmucklop7@go.com,password123,Marcille Mucklo,Associate Professor,2025-11-01T11:59:24Z
tmarchamp8@vkontakte.ru,password123,Tait Marcham,Lecturer,2025-02-08T18:11:33Z
lsandfordp9@blogspot.com,password123,Lavinie Sandford,Dr.,2025-06-13T23:13:16Z
jocodihiepa@desdev.cn,password123,Jammal O'Codihie,Professor,2025-07-04T20:30:12Z
operrellipb@quantcast.com,password123,Odille Perrelli,Lecturer,2026-01-01T16:01:46Z
sbeernaertpc@google.com.br,password123,Sheena Beernaert,Dr.,2025-06-28T00:45:33Z
hclemowpd@liveinternet.ru,password123,Halsy Clemow,Research Fellow,2025-04-18T18:00:47Z
mhoylespe@rakuten.co.jp,password123,Mabelle Hoyles,Professor,2025-02-19T09:37:26Z
cfyrthpf@trellian.com,password123,Cull Fyrth,,2025-02-16T12:35:20Z
mlivesleypg@deviantart.com,password123,May Livesley,Professor,2025-09-06T22:48:53Z
mshieldsph@forbes.com,password123,Murdock Shields,Research Fellow,2025-04-02T12:09:09Z
csandsallanpi@icio.us,password123,Colet Sands-Allan,Associate Professor,2025-10-31T13:16:06Z
rwollrauchpj@google.com.au,password123,Reinwald Wollrauch,Research Fellow,
kcasseldinepk@imdb.com,password123,Kathryn Casseldine,Professor,2025-07-02T15:25:13Z
ehelliarpl@nasa.gov,password123,Emalia Helliar,Lecturer,2025-04-29T20:00:15Z
gredfordpm@apple.com,password123,Gilbertina Redford,Associate Professor,2025-12-06T00:03:08Z
wheinssenpn@yahoo.com,password123,Wylma Heinssen,Professor,2025-12-11T18:30:01Z
rbattpo@noaa.gov,password123,Rafa Batt,Lecturer,
kayshpp@xing.com,password123,Karrah Aysh,Research Fellow,2025-06-23T15:50:38Z
keldenpq@macromedia.com,password123,Kaye Elden,Associate Professor,2025-02-12T21:06:42Z
sheishampr@samsung.com,password123,Stacy Heisham,Professor,2025-11-16T19:59:08Z
rcoultasps@slideshare.net,password123,Rozanna Coultas,,
mtappingtonpt@delicious.com,password123,Malchy Tappington,,2025-12-05T19:23:14Z
bvallerpu@narod.ru,password123,Brigham Valler,Research Fellow,2026-01-25T16:22:57Z
clinkiepv@list-manage.com,password123,Clywd Linkie,Lecturer,2025-03-08T18:44:42Z
ddrayepw@sohu.com,password123,Dag Draye,Associate Professor,2025-03-02T23:32:29Z
lmcauslanpx@cnn.com,password123,Latrena McAuslan,Lecturer,2025-06-11T03:36:37Z
mcrixpy@yahoo.com,password123,Malcolm Crix,Associate Professor,2025-10-20T06:59:27Z
dhatzarpz@creativecommons.org,password123,Derry Hatzar,Lecturer,2025-04-20T05:29:51Z
fianittelloq0@alibaba.com,password123,Flor Ianittello,Dr.,2025-03-18T01:07:55Z
beadyq1@friendfeed.com,password123,Burl Eady,,2026-01-16T13:52:01Z
cgudgenq2@domainmarket.com,password123,Claiborn Gudgen,Lecturer,2025-04-18T02:54:46Z
lcrutchfieldq3@indiatimes.com,password123,Lennie Crutchfield,Dr.,2025-08-04T20:11:55Z
lgreenshieldsq4@sina.com.cn,password123,Luther Greenshields,Professor,2025-02-05T16:41:41Z
mlawfordq5@pagesperso-orange.fr,password123,Maynard Lawford,Professor,2025-02-11T15:10:44Z
sdescoffierq6@freewebs.com,password123,Stephanie d'Escoffier,Lecturer,2025-04-24T18:24:23Z
opavlataq7@samsung.com,password123,Odilia Pavlata,Professor,2025-08-12T16:07:25Z
tvareyq8@globo.com,password123,Thurston Varey,Research Fellow,2025-04-16T18:16:35Z
jfermerq9@ed.gov,password123,Jude Fermer,Dr.,2025-05-03T09:55:04Z
hpetruschqa@cargocollective.com,password123,Hagan Petrusch,Research Fellow,2025-04-15T18:09:13Z
mcullityqb@so-net.ne.jp,password123,Molli Cullity,Associate Professor,2025-04-19T08:47:03Z
icasburnqc@admin.ch,password123,Itch Casburn,Dr.,2025-05-31T00:30:30Z
sretallackqd@ucoz.ru,password123,Sallee Retallack,Lecturer,2025-03-04T16:44:43Z
sgaitoneqe@theatlantic.com,password123,Sylas Gaitone,Professor,2025-09-05T17:35:42Z
bpeirceqf@scientificamerican.com,password123,Brennan Peirce,Dr.,2025-06-18T14:28:47Z
jrackamqg@mtv.com,password123,Juana Rackam,Dr.,2025-09-11T18:26:32Z
fchrippesqh@jimdo.com,password123,Frederico Chrippes,Lecturer,2025-04-14T17:19:35Z
bbeachamqi@wikia.com,password123,Burty Beacham,Research Fellow,2025-11-29T10:15:27Z
pprobatqj@umn.edu,password123,Prudence Probat,Professor,2025-03-06T12:08:39Z
fbenkheqk@liveinternet.ru,password123,Fredericka Benkhe,Associate Professor,2026-01-12T06:37:59Z
trentollql@google.ca,password123,Teador Rentoll,Associate Professor,2026-01-18T08:21:54Z
eturfreyqm@artisteer.com,password123,Engracia Turfrey,Lecturer,
rwheildonqn@webmd.com,password123,Ryann Wheildon,Associate Professor,2025-05-21T10:16:08Z
dchatainqo@themeforest.net,password123,Darla Chatain,Lecturer,2026-01-26T12:26:44Z
jallewellqp@exblog.jp,password123,Jorry Allewell,Professor,2025-06-22T00:14:07Z
scurlingqq@si.edu,password123,Skipp Curling,Professor,
ebanischqr@newsvine.com,password123,Elvin Banisch,Research Fellow,2025-05-30T19:27:16Z
pdhenninqs@discovery.com,password123,Pierce Dhennin,Lecturer,
ksommerlandqt@sogou.com,password123,Kahaleel Sommerland,Dr.,2025-04-16T20:26:31Z
ucalverdqu@bloglines.com,password123,Urbain Calverd,Lecturer,2025-07-31T02:13:53Z
jbeentjesqv@webs.com,password123,Jonah Beentjes,,2025-07-19T21:11:22Z
alanahanqw@last.fm,password123,Aprilette Lanahan,,2025-06-16T06:54:22Z
fhodginqx@shutterfly.com,password123,Fabiano Hodgin,Associate Professor,2025-03-24T21:17:49Z
abentallqy@imgur.com,password123,Arnie Bentall,Professor,2025-11-02T04:19:04Z
wgitthouseqz@sciencedaily.com,password123,Wynne Gitthouse,Research Fellow,2025-12-11T22:27:19Z
cnowickr0@phoca.cz,password123,Cassandra Nowick,Professor,2025-05-24T21:19:30Z
vsweetzerr1@wikimedia.org,password123,Vern Sweetzer,,2025-02-06T22:57:13Z
ahambidger2@amazon.de,password123,Adolf Hambidge,Dr.,2025-04-30T20:03:35Z
bsudellr3@smugmug.com,password123,Bonita Sudell,Associate Professor,2025-10-12T05:12:05Z
ctaffurellir4@kickstarter.com,password123,Chucho Taffurelli,Lecturer,2025-11-23T13:55:34Z
gbetteridger5@diigo.com,password123,Gennifer Betteridge,Research Fellow,2025-05-23T08:55:55Z
hhallgoughr6@liveinternet.ru,password123,Haskel Hall-Gough,Dr.,2025-05-12T15:45:21Z
morysr7@wufoo.com,password123,Mariele Orys,Professor,2025-03-08T03:06:20Z
afarrentr8@delicious.com,password123,Amerigo Farrent,Dr.,2025-10-16T20:06:50Z
gfickr9@ask.com,password123,Gabriello Fick,Professor,2025-07-16T06:43:31Z
rellifra@slideshare.net,password123,Rory Ellif,Professor,2025-02-05T08:10:17Z
fkenlinrb@imageshack.us,password123,Fredra Kenlin,Professor,2025-09-28T10:52:30Z
rbrewittrc@csmonitor.com,password123,Rodolfo Brewitt,Dr.,2025-04-14T23:16:25Z
ebewsheard@free.fr,password123,Emmye Bewshea,Dr.,2025-06-10T12:09:36Z
apanswickre@shutterfly.com,password123,Annelise Panswick,Dr.,2025-11-03T17:25:25Z
knimmorf@seesaa.net,password123,Kimberly Nimmo,,2025-03-29T08:14:12Z
dibbetsonrg@redcross.org,password123,Dickie Ibbetson,Research Fellow,2026-01-07T09:25:25Z
kkilmisterrh@discuz.net,password123,Karon Kilmister,Associate Professor,2025-10-11T15:57:28Z
wbeldonri@cafepress.com,password123,Wyndham Beldon,Research Fellow,2025-05-06T16:18:20Z
csooperrj@technorati.com,password123,Cecily Sooper,Professor,2025-05-04T22:12:39Z
bdederichrk@posterous.com,password123,Bertina Dederich,Associate Professor,2025-06-18T20:53:37Z
jbabcockrl@1und1.de,password123,Jilli Babcock,Lecturer,2025-03-20T02:22:04Z
abullentrm@senate.gov,password123,Arne Bullent,Associate Professor,2025-03-27T05:40:34Z
klishmanrn@hatena.ne.jp,password123,Kinny Lishman,Dr.,2025-08-23T16:33:58Z
irennoldsro@squarespace.com,password123,Iseabal Rennolds,Research Fellow,2025-09-28T19:01:42Z
beteenrp@phpbb.com,password123,Beaufort Eteen,Associate Professor,2025-05-31T06:06:51Z
boholleganrq@xrea.com,password123,Benedetta O'Hollegan,Research Fellow,2025-03-11T12:03:23Z
byeandelrr@ovh.net,password123,Birdie Yeandel,Lecturer,2026-01-21T12:17:42Z
